species,n_total,n_complete,dltA,DltE,prevalence,Wilson_lo,Wilson_hi,DltE_s90,DltE_s130,MprF_long_pct,MprF_short_pct
Apilactobacillus apinorum,4,1,0,0,0.0000,0.0000,0.4899,0,0,1.000,1.000
Apilactobacillus kunkeei,37,6,0,0,0.0000,0.0000,0.0941,0,0,1.000,1.000
Apilactobacillus micheneri,22,0,0,0,0.0000,0.0000,0.1487,0,0,1.000,1.000
Bifidobacterium animalis,239,62,0,0,0.0000,0.0000,0.0158,0,0,0.000,0.000
Bifidobacterium longum,500,147,0,0,0.0000,0.0000,0.0076,0,0,0.000,0.000
Companilactobacillus alimentarius,6,1,6,6,1.0000,0.6097,1.0000,6,6,0.000,1.000
Companilactobacillus allii,3,2,3,3,1.0000,0.4385,1.0000,3,3,0.000,0.667
Companilactobacillus baiquanensis,2,0,2,2,1.0000,0.3424,1.0000,2,2,0.000,1.000
Companilactobacillus bobalius,3,0,3,3,1.0000,0.4385,1.0000,3,3,0.000,1.000
Companilactobacillus crustorum,9,4,9,9,1.0000,0.7008,1.0000,9,9,0.000,1.000
Companilactobacillus farciminis,9,3,9,9,1.0000,0.7008,1.0000,9,9,0.000,1.000
Companilactobacillus formosensis,2,0,2,2,1.0000,0.3424,1.0000,2,2,0.000,1.000
Companilactobacillus furfuricola,1,0,1,1,1.0000,0.2065,1.0000,1,1,0.000,1.000
Companilactobacillus futsaii,4,3,4,2,0.5000,0.1500,0.8500,2,2,0.000,1.000
Companilactobacillus ginsenosidimutans,1,1,1,1,1.0000,0.2065,1.0000,1,1,0.000,1.000
Companilactobacillus halodurans,2,0,2,2,1.0000,0.3424,1.0000,2,2,0.000,1.000
Companilactobacillus heilongjiangensis,2,1,2,2,1.0000,0.3424,1.0000,2,2,0.000,1.000
Companilactobacillus huachuanensis,2,0,2,2,1.0000,0.3424,1.0000,2,2,0.000,1.000
Companilactobacillus hulinensis,1,0,1,1,1.0000,0.2065,1.0000,1,1,0.000,1.000
Companilactobacillus insicii,1,0,1,1,1.0000,0.2065,1.0000,1,1,0.000,1.000
Companilactobacillus jidongensis,1,0,1,1,1.0000,0.2065,1.0000,1,1,0.000,1.000
Companilactobacillus kedongensis,1,0,1,1,1.0000,0.2065,1.0000,1,1,0.000,1.000
Companilactobacillus keshanensis,2,0,2,2,1.0000,0.3424,1.0000,2,2,0.000,1.000
Companilactobacillus kimchiensis,1,0,1,1,1.0000,0.2065,1.0000,1,1,0.000,1.000
Companilactobacillus kimchii,4,0,4,4,1.0000,0.5101,1.0000,4,4,0.000,1.000
Companilactobacillus metriopterae,1,0,1,1,1.0000,0.2065,1.0000,1,1,0.000,1.000
Companilactobacillus miaonis,2,0,2,2,1.0000,0.3424,1.0000,2,2,0.000,1.000
Companilactobacillus mindensis,2,0,2,2,1.0000,0.3424,1.0000,2,2,0.000,1.000
Companilactobacillus mishanensis,5,0,5,5,1.0000,0.5655,1.0000,5,5,0.000,1.000
Companilactobacillus muriivasis,2,0,2,2,1.0000,0.3424,1.0000,2,2,0.000,1.000
Companilactobacillus musae,3,1,3,3,1.0000,0.4385,1.0000,3,3,0.000,1.000
Companilactobacillus nantensis,3,0,3,3,1.0000,0.4385,1.0000,3,3,0.000,1.000
Companilactobacillus nodensis,5,0,5,5,1.0000,0.5655,1.0000,5,5,0.000,0.800
Companilactobacillus nuruki,1,0,1,1,1.0000,0.2065,1.0000,1,1,0.000,1.000
Companilactobacillus pabuli,3,2,3,3,1.0000,0.4385,1.0000,3,3,0.000,1.000
Companilactobacillus paralimentarius,18,9,18,18,1.0000,0.8241,1.0000,18,18,0.000,1.000
Companilactobacillus sp.,21,0,20,20,0.9524,0.7733,0.9915,20,20,0.095,0.524
Companilactobacillus suantsaicola,1,0,1,1,1.0000,0.2065,1.0000,1,1,0.000,1.000
Companilactobacillus tucceti,1,0,1,1,1.0000,0.2065,1.0000,1,1,0.000,1.000
Companilactobacillus versmoldensis,2,0,2,2,1.0000,0.3424,1.0000,2,2,0.000,1.000
Companilactobacillus zhachilii,3,1,3,3,1.0000,0.4385,1.0000,3,3,0.000,1.000
Companilactobacillus zhongbaensis,1,0,1,1,1.0000,0.2065,1.0000,1,1,0.000,1.000
Enterococcus faecalis,500,386,500,500,1.0000,0.9924,1.0000,500,500,1.000,0.000
Enterococcus faecium,500,418,498,497,0.9940,0.9825,0.9980,497,495,1.000,0.000
Lacticaseibacillus casei,33,9,33,33,1.0000,0.8957,1.0000,33,33,1.000,0.970
Lacticaseibacillus paracasei,500,132,496,500,1.0000,0.9924,1.0000,500,500,0.994,0.994
Lacticaseibacillus rhamnosus,438,102,438,438,1.0000,0.9913,1.0000,438,438,0.968,0.998
Lacticaseibacillus zeae,10,4,10,10,1.0000,0.7225,1.0000,10,10,1.000,1.000
Lactiplantibacillus paraplantarum,32,10,32,32,1.0000,0.8928,1.0000,32,32,1.000,1.000
Lactiplantibacillus pentosus,155,21,154,155,1.0000,0.9758,1.0000,155,155,0.929,1.000
Lactiplantibacillus plantarum,500,443,495,500,1.0000,0.9924,1.0000,500,499,0.994,1.000
Lactobacillus acidophilus,137,28,137,137,1.0000,0.9727,1.0000,137,0,0.000,0.993
Lactobacillus amylovorus,108,8,108,108,1.0000,0.9657,1.0000,108,58,0.000,0.991
Lactobacillus crispatus,500,45,498,495,0.9900,0.9768,0.9957,496,33,0.000,0.984
Lactobacillus delbrueckii,453,45,452,0,0.0000,0.0000,0.0084,448,0,0.000,0.996
Lactobacillus gasseri,164,25,164,158,0.9634,0.9225,0.9831,158,145,0.000,0.988
Lactobacillus helveticus,213,32,212,204,0.9577,0.9217,0.9776,213,0,0.000,1.000
Lactobacillus jensenii,148,8,147,142,0.9595,0.9144,0.9813,143,0,0.000,0.993
Lactobacillus johnsonii,123,29,123,123,1.0000,0.9697,1.0000,123,8,0.000,0.992
Lactobacillus kefiranofaciens,18,7,18,18,1.0000,0.8241,1.0000,18,0,0.000,1.000
Lactobacillus paragasseri,116,8,116,116,1.0000,0.9679,1.0000,116,112,0.000,0.991
Lactococcus garvieae,131,33,125,0,0.0000,0.0000,0.0285,0,0,0.000,0.000
Lactococcus lactis,500,117,500,0,0.0000,0.0000,0.0076,0,0,0.000,0.000
Latilactobacillus curvatus,118,28,118,118,1.0000,0.9685,1.0000,118,118,0.992,1.000
Latilactobacillus sakei,181,65,173,181,1.0000,0.9792,1.0000,181,181,0.994,1.000
Leuconostoc citreum,104,14,103,104,1.0000,0.9644,1.0000,104,104,1.000,1.000
Leuconostoc mesenteroides,337,75,335,337,1.0000,0.9887,1.0000,337,337,0.816,0.997
Levilactobacillus brevis,267,54,264,267,1.0000,0.9858,1.0000,267,267,0.985,0.989
Ligilactobacillus animalis,41,8,40,0,0.0000,0.0000,0.0857,0,0,1.000,1.000
Ligilactobacillus salivarius,342,46,341,0,0.0000,0.0000,0.0111,0,0,0.991,0.997
Limosilactobacillus antri,4,0,4,0,0.0000,0.0000,0.4899,0,0,1.000,1.000
Limosilactobacillus fermentum,387,91,384,0,0.0000,0.0000,0.0098,0,0,0.987,0.992
Limosilactobacillus mucosae,93,10,91,0,0.0000,0.0000,0.0397,0,0,0.989,0.978
Limosilactobacillus reuteri,500,79,500,0,0.0000,0.0000,0.0076,0,0,1.000,0.992
Pediococcus acidilactici,342,61,341,341,0.9971,0.9836,0.9995,341,341,0.000,0.994
Pediococcus pentosaceus,215,64,215,215,1.0000,0.9824,1.0000,215,215,0.047,0.981
