Strain,Species group,Isolation source,Genome accession,Backbone type,Chain length (n),Chain length range,D-alanine (%),"D-alanine, qualitative",Glycosyl substituent,Glycosyl (%),Anchor sugars (n),Anchor composition,Third acyl chain,Acyl chains (n),Fatty acid composition,Extraction method,Culture condition,Evidence grade,Reference,Notes
Lactobacillus gasseri JCM 1131T,gasseri-paragasseri,human intestine,GCA_000014425 (=ATCC 33323T),type I (poly-GroP),NR,NR,55,partial,none detected,0,4,Hex4DAG + AcylHex4DAG,Y,2 and 3,"C16:0, C18:1 (no C19:cy)",BuOH + HIC,"0.5x MRS + 200 mM MES pH 6.5, 37C anaerobic, exponential (OD660 0.6)",A,Shiraishi 2025 BBB 89:1382,Same strain reported at 30% in 2013 and 55% in 2025. Decisive evidence that the D-alanine value is unstable
Lactobacillus gasseri JCM 5814,gasseri-paragasseri,human faeces,"no assembly (16S only, AB289138)",type I (poly-GroP),NR,NR,40-55,partial,none detected,0,4,Hex4DAG + AcylHex4DAG,Y,2 and 3,"C16:0, C18:1, C19:cy",BuOH + HIC,"0.5x MRS + 200 mM MES pH 6.5, 37C anaerobic, exponential (OD660 0.6)",A,Shiraishi 2025 BBB 89:1382,Weak AcylHex4DAG peak
Lactobacillus gasseri VLG3,gasseri-paragasseri,human vagina,BAAGHB010000000,type I (poly-GroP),NR,NR,40-55,partial,none detected,0,4,Hex4DAG + AcylHex4DAG,Y,2 and 3,"C16:0, C18:1, C19:cy",BuOH + HIC,"0.5x MRS + 200 mM MES pH 6.5, 37C anaerobic, exponential (OD660 0.6)",A,Shiraishi 2025 BBB 89:1382,ANI 99.0% against ATCC 33323T
Lactobacillus paragasseri JCM 1130,gasseri-paragasseri,chicken faeces,GCF_003307255.1,type I (poly-GroP),NR,NR,40-55,partial,none detected,0,4,Hex4DAG + AcylHex4DAG,Y,2 and 3,"C16:0, C18:1, C19:cy",BuOH + HIC,"0.5x MRS + 200 mM MES pH 6.5, 37C anaerobic, exponential (OD660 0.6)",A,Shiraishi 2025 BBB 89:1382,The only non-human isolate; Hex4 as in the others
Lactobacillus paragasseri VLG1,gasseri-paragasseri,human vagina,BAAGGZ010000000,type I (poly-GroP),NR,NR,17,partial,none detected,0,4,Hex4DAG + AcylHex4DAG,Y,2 and 3,"C16:0, C18:1, C19:cy",BuOH + HIC,"0.5x MRS + 200 mM MES pH 6.5, 37C anaerobic, exponential (OD660 0.6)",A,Shiraishi 2025 BBB 89:1382,"Lowest of the seven strains. 1.90 Mb / 1,787 CDS"
Lactobacillus paragasseri VLG2,gasseri-paragasseri,human vagina,BAAGHA010000000,type I (poly-GroP),NR,NR,40-55,partial,none detected,0,4,Hex4DAG + AcylHex4DAG,Y,2 and 3,"C16:0, C18:1, C19:cy",BuOH + HIC,"0.5x MRS + 200 mM MES pH 6.5, 37C anaerobic, exponential (OD660 0.6)",A,Shiraishi 2025 BBB 89:1382,"1.93 Mb / 1,885 CDS. Free alanine observed"
Lactobacillus paragasseri VLG4,gasseri-paragasseri,human vagina,BAAGHC010000000,type I (poly-GroP),NR,NR,24,partial,none detected,0,4,Hex4DAG + AcylHex4DAG,Y,2 and 3,"C16:0, C18:1, C19:cy",BuOH + HIC,"0.5x MRS + 200 mM MES pH 6.5, 37C anaerobic, exponential (OD660 0.6)",A,Shiraishi 2025 BBB 89:1382,"1.92 Mb / 1,886 CDS. Weak AcylHex4DAG signal"
Lactiplantibacillus plantarum JCM 1149T,plantarum,NR,GCF_000143745.1 (as ATCC 14917),type I (poly-GroP),110,NA,42,partial,Glc,10%,3,Hex3DAG + AcylHex3DAG,Y,3,NR,BuOH,NR,A,Hatano 2015 Int Immunopharmacol 25:321,"Chain length 110, the longest in Lactobacillus"
L. plantarum L-137,plantarum,NR,no assembly,type I (poly-GroP),96,NA,50,partial,Glc,2%,3,Hex3DAG + AcylHex3DAG,Y,3,NR,BuOH,NR,A,Hatano 2015,Identical anchor; Glc substitution 10% against 2%. Within-species heterogeneity
L. plantarum KCTC 10887BP (K8),plantarum,NR,GCF_003597615.1,type I (poly-GroP),NR,NR,NR,partial,Glc + Gal,Glc:Gal=29:1,3,Glc-Gal-Glc-DAG + AcylGlc-type,Y,3,includes unsaturated,BuOH,NR,A,Jang 2011 BBRC 407:823,The only Lactobacillus in which Gal was detected
L. plantarum NCIMB 8826,plantarum,NR,GCF_017798305.1,type I (poly-GroP),NR,NR,42,partial,NR,NR,Unknown,Unknown,NR,NR,NR,BuOH,NR,B,Grangette 2005 PNAS 102:10321,"The largest body of functional data, yet the anchor is unresolved. First priority for re-analysis"
Lacticaseibacillus rhamnosus GG (ATCC 53103),rhamnosus,human intestine,FM179322 (GG) / AP011548 (ATCC 53103),type I (poly-GroP),NR,30-78,72-74,high,none detected,0,3,Glc-Gal-Glc-DAG,N,2,"mean C14, one double bond",BuOH,NR,A,Velez 2007 AEM 73:3595; Claes 2012 MCF 11:161,The only strain without AcylHex-DAG (the authors are cautious). The same strain varies at n = 30-78
L. rhamnosus DSM 20021T,rhamnosus,NR,GCF_001435405.1,type I (poly-GroP),40,NA,0,absent,none,0,3,Glc-Gal-Glc-DAG + AcylGlc-type,Y,3,NR,phenol/water,NR,A,Nakano & Fischer 1978,Same species as GG but no substituents at all; different extraction method precludes direct comparison
Lactobacillus acidophilus NCFM (NCK56),acidophilus,NA,CP000033 / GCF_000011985.1,NR,NR,NR,NR,NR,NR,NR,NR,NR,NR,NR,NR,NA,NA,C,Altermann 2005 PNAS 102:3906 (genome); no structural paper,"No structural determination. Reference species for the LTA operon LBA0444-0448. Genome 1,993,564 nt, GC 34.71%, 1,864 ORFs"
Latilactobacillus curvatus CP2998,LAB_ref,fermented food,no assembly,type I (poly-GroP),NR,NR,18,partial,alpha-Glc,23% (59% unsubstituted),2,Glc2MAG + Glc2DAG,N,1 and 2,"C16:0, C18:1, C19:cy",BuOH + HIC,"0.5x MRS, 37C anaerobic, overnight",A,Shiraishi 2025 FEMS Microbiol Lett 372:fnaf005,Breaks two lactic acid bacterial rules at once: disaccharide anchor and no triacyl form. A clinical trial reports improved gait in older adults
Apilactobacillus kosoi 10HT,LAB_ref,fermented vegetable drink (koso),BEXE01000000,type I (poly-GroP),NR,12-20,0,absent (no dlt genes),"Glc(a1-), kojibiose, ★L-lysine",NR,2,Hex2DAG,N,2,"C16:0/C18:1, C16:0/C19:cy (m/z 942, 956)",BuOH + HIC,MRS + 10% fructose,A,Shiraishi 2024 IJBM 271:132540; Matsuzaki 2022 AEM 88:e00190-22,First report of an L-lysine substituent; its removal lowers IgA induction. dlt operon confirmed absent (Matsuzaki 2022). Anchor confirmed as Hex2DAG
Apilactobacillus apinorum JCM 30765T,LAB_ref,honey bee,JXCT01000000,type I (poly-GroP),NR,12-20,0,absent (no dlt genes),"Glc(a1-), kojibiose, ★L-lysine",NR,2,Hex2DAG,N,2,NR,BuOH + HIC,MRS + 10% fructose,A,Shiraishi 2024 IJBM 271:132540; Matsuzaki 2022 AEM 88:e00190-22,dlt operon confirmed absent. Strong IgA-inducing activity
Apilactobacillus kunkeei JCM 16173T,LAB_ref,honey bee,NZ_CP080568,type I (poly-GroP),NR,12-20,0,absent (no dlt genes),"Glc(a1-), kojibiose, ★L-lysine",NR,2,Hex2DAG,N,2,NR,BuOH + HIC,MRS + 10% fructose,A,Shiraishi 2024 IJBM 271:132540; Matsuzaki 2022 AEM 88:e00190-22,dlt operon confirmed absent. Culture requires 10% tomato juice and 0.05% L-cysteine
Limosilactobacillus antri JCM 15950T,LAB_ref,human gastric mucosa,GCF_000160835.1 (as DSM 16041),type I (poly-GroP),NR,NR,NR,NR,NR,NR,NR,NR,Y,3,three fatty acyl residues,BuOH,NR,A,Yamasaki-Yashiki 2024 AEM 90:e0119724,Immunostimulatory activity of triacyl LTA; delivery via membrane vesicles
Levilactobacillus brevis ATCC 8287,LAB_ref,NR,"no assembly (BioSample only, none linked)",type I (poly-GroP),NR,NR,NR,NR,"Glc, AlaGlc",NR,Unknown,Unknown,NR,NR,NR,BuOH,NR,A,Sanchez Carballo 2010,Unusual: D-alanine is attached to C-6 of Glc
Lacticaseibacillus casei BL23,LAB_ref,NR,GCF_000026485.1 (as L. paracasei),type I (poly-GroP),42,NA,64,partial,NR,NR,Unknown,Unknown,NR,NR,NR,BuOH,NR,A,Palomino 2013 Microbiology 159:2416,Under NaCl osmotic stress both repeat-unit number and D-alanine fall together
L. delbrueckii subsp. lactis ATCC 15808,LAB_ref,NR,no assembly,type I (poly-GroP),NR,29-37,21-27,partial,Glc,3%,3,Glc-Glc-Glc-DAG + AcylGlc-type,Y,3,NR,phenol/water,NR,A,Raisanen 2007 J Bacteriol 189:4135,Phage binding depends on D-alanyl and alpha-Glc substitution
L. delbrueckii subsp. lactis Ads-5,LAB_ref,NR,no assembly,type I (poly-GroP),NR,31-36,42-49,partial,none,0,3,Glc-Glc-Glc-DAG + AcylGlc-type,Y,3,NR,phenol/water,NR,A,Raisanen 2007,"Three subspecies strains: identical anchor, D-alanine 21-49%"
L. delbrueckii subsp. lactis LL78,LAB_ref,NR,no assembly,type I (poly-GroP),NR,30-34,25-28,partial,Glc,26-27%,3,Glc-Glc-Glc-DAG + AcylGlc-type,Y,3,NR,phenol/water,NR,A,Raisanen 2007,Anchor fully conserved; only the substituents vary
Lactobacillus helveticus JCM 1120T,LAB_ref,NR,GCF_015698225.1,type I (poly-GroP),24,NA,57-64,partial,none,0,3,Glc-Gal-Glc-DAG + AcylGlc-type,Y,3,NR,phenol/water,NR,A,Fischer 1980; Shiraishi 2025 (genome),Hex3 yet the same operon as gasseri (Hex4). Key contrast strain; genome BLYW01000000
Lactiplantibacillus pentosus DSM 20314T,LAB_ref,NR,GCF_003641185.1,type I (poly-GroP),22,NA,0,absent,none,0,3,Glc-Gal-Glc-DAG + AcylGlc-type,Y,3,NR,phenol/water,NR,A,Fischer 1980,No substituents
Limosilactobacillus reuteri 100-23,LAB_ref,NR,GCF_000168255.1,type I (poly-GroP),20,NA,74-79,partial,Glc,6%,Unknown,Unknown,NR,NR,NR,BuOH,NR,A,Walter 2007 Environ Microbiol 9:1750,Loss of D-alanine impairs gut colonisation in mice
Latilactobacillus sakei KCCM 11175P (K101),LAB_ref,NR,no assembly,type I (poly-GroP),NR,NR,NR,NR,NR,NR,2,Hex2DAG + AcylHex2DAG,Y,3,NR,BuOH,NR,A,Jeong 2015 Immunobiology 220:460,"Disaccharide anchor, but unlike curvatus it carries a triacyl form"
Staphylococcus aureus DSM 20233 (H),outgroup,NA,GCF_006094915.1 (=ATCC 12600),type I (poly-GroP),NR,4-48,30-81,high,GlcNAc,4-21%,2,Glc-Glc-DAG,N,2,NR,phenol/water and BuOH,NR,A,Morath 2001 JEM 193:393,Reference strain for comparing extraction methods
Listeria monocytogenes NCTC 7973,outgroup,NA,GCA_900637785.1,type I (poly-GroP),23,NA,31-42,partial,Gal,21-23%,2,Gal-Glc-DAG,N,2,NR,phenol/water,NR,A,Fischer 1990,Corresponds to the lafA/lafB pathway
Streptococcus pneumoniae R6,outgroup,NA,GCF_008253725.1,type IV (non-GroP),NR,2-8,NA,NA,GalNAc(PC),40%,1,Glc-DAG,N,1 and 2,NR,CHCl3/MeOH or BuOH,NR,A,Seo 2008 J Bacteriol 190:2379; Kim 2005 Infect Immun 73:834,"Host-species specificity of acyl number: human cells respond to mono- and diacyl, mouse cells only to diacyl"
,,,,,,,,,,,,,,,,,,,,
Note,"Genome accessions were resolved on 2026-09-07 against NCBI Datasets, ENA and BioSample. Of the 31 strains whose lipoteichoic acid structure has been measured, 23 have a deposited assembly and 8 do not. Three were found only under a different name: JCM 1149T as ATCC 14917, JCM 15950T as DSM 16041, and BL23 under Lacticaseibacillus paracasei after reclassification.",,,,,,,,,,,,,,,,,,,
Note,"The three Lactobacillus delbrueckii strains that lack an assembly (ATCC 15808, Ads-5, LL78) are the whole of one study, which showed that phage binding depends on D-alanyl and alpha-glucose substitution. Structure and function are both on record for them; only the genome is missing.",,,,,,,,,,,,,,,,,,,
