protein_id,species,length,hmm_score,n_genomes,Ser128,Tyr213,Tyr338,Gly348,Leu127,Arg345,His347,Leu349
WP_002289161.1,Enterococcus faecium,389,149.6,188,S,Y,Y,G,G,L,Q,N
WP_002295411.1,Enterococcus faecium,386,134.9,41,S,Y,Y,G,G,L,Q,N
WP_002297066.1,Enterococcus faecium,386,130.7,104,S,Y,Y,G,G,L,Q,N
WP_002310313.1,Enterococcus faecium,386,133.2,1,S,Y,Y,G,G,L,Q,N
WP_002315320.1,Enterococcus faecium,386,130.8,2,S,Y,Y,G,G,L,Q,N
WP_002322610.1,Enterococcus faecium,386,135.2,8,S,Y,Y,G,G,L,Q,N
WP_002323483.1,Enterococcus faecium,386,136.6,5,S,Y,Y,G,G,L,Q,N
WP_002325484.1,Enterococcus faecium,386,134.9,2,S,Y,Y,G,G,L,Q,N
WP_002328614.1,Enterococcus faecium,386,136.6,18,S,Y,Y,G,G,L,Q,N
WP_002329048.1,Enterococcus faecium,386,133.0,4,S,Y,Y,G,G,L,Q,N
WP_002333320.1,Enterococcus faecium,386,135.4,4,S,Y,Y,G,G,L,Q,N
WP_002335557.1,Enterococcus faecium,386,132.7,11,S,Y,Y,G,G,L,Q,N
WP_002346593.1,Enterococcus faecium,386,132.2,4,S,Y,Y,G,G,L,Q,N
WP_002347326.1,Enterococcus faecium,383,135.2,1,S,Y,Y,G,G,L,Q,N
WP_002347959.1,Enterococcus faecium,386,133.4,1,S,Y,Y,G,G,L,Q,N
WP_002355600.1,Enterococcus faecalis,388,180.2,240,S,Y,Y,G,G,R,H,V
WP_002358721.1,Enterococcus faecalis,388,180.2,15,S,Y,Y,G,G,R,H,V
WP_002368034.1,Enterococcus faecalis R712,388,182.1,3,S,Y,Y,G,G,R,H,V
WP_002375969.1,Enterococcus faecalis,388,174.5,8,S,Y,Y,G,G,R,H,V
WP_002380101.1,Enterococcus faecalis,388,183.0,3,S,Y,Y,G,G,R,H,V
WP_002383010.1,Enterococcus faecalis,388,175.2,4,S,Y,Y,G,G,R,H,V
WP_002384946.1,Enterococcus faecalis,388,180.2,26,S,Y,Y,G,G,R,H,V
WP_002386952.1,Enterococcus faecalis,388,178.7,64,S,Y,Y,G,G,R,H,V
WP_002396959.1,Enterococcus faecalis TX1342,388,176.6,1,S,Y,Y,G,G,R,H,V
WP_002398113.1,Enterococcus faecalis,388,179.7,48,S,Y,Y,G,G,R,H,V
WP_002404081.1,Enterococcus faecalis,388,180.0,8,S,Y,Y,G,G,R,H,V
WP_002406625.1,Enterococcus faecalis TX0411,388,180.7,1,S,Y,Y,G,G,R,H,V
WP_002407352.1,Enterococcus faecalis,388,178.5,3,S,Y,Y,G,G,R,H,V
WP_002408015.1,Enterococcus faecalis TX0012,388,180.7,1,S,Y,Y,G,G,R,H,V
WP_002409593.1,Enterococcus faecalis TX0645,388,179.3,1,S,Y,Y,G,G,R,H,V
WP_002419999.1,Enterococcus faecalis,388,177.2,3,S,Y,Y,G,G,R,H,V
WP_002829685.1,Pediococcus acidilactici,382,169.8,4,S,Y,Y,G,D,S,N,Y
WP_002830654.1,Pediococcus acidilactici,335,135.6,3,S,Y,Y,G,A,R,H,I
WP_002832446.1,Pediococcus acidilactici,382,169.9,9,S,Y,Y,G,D,S,N,Y
WP_002832972.1,Pediococcus pentosaceus,369,148.3,27,S,Y,Y,G,D,Y,N,Y
WP_003549527.1,Lactobacillus acidophilus,313,124.3,131,S,Y,Y,G,N,S,N,A
WP_003566081.1,Lacticaseibacillus paracasei,385,193.0,27,S,Y,Y,G,G,S,N,V
WP_003575507.1,Lacticaseibacillus paracasei,385,192.4,2,S,Y,Y,G,G,S,N,V
WP_003575509.1,Lacticaseibacillus paracasei,397,163.5,1,S,Y,Y,G,G,L,H,V
WP_003579774.1,Lacticaseibacillus paracasei,385,191.5,63,S,Y,Y,G,G,S,N,V
WP_003579778.1,Lacticaseibacillus paracasei,397,163.7,1,S,Y,Y,G,G,L,H,V
WP_003584880.1,Lacticaseibacillus paracasei,385,190.6,45,S,Y,Y,G,G,S,N,V
WP_003594959.1,Lacticaseibacillus paracasei,397,163.5,2,S,Y,Y,G,G,L,H,V
WP_003599095.1,Lacticaseibacillus paracasei,385,189.9,1,S,Y,Y,G,G,S,N,V
WP_003605398.1,Lacticaseibacillus paracasei,397,163.4,10,S,Y,Y,G,G,L,H,V
WP_003625023.1,Lactobacillus helveticus,314,127.0,86,S,Y,Y,G,N,A,N,A
WP_003640709.1,Lactiplantibacillus plantarum,397,831.9,298,S,Y,Y,G,L,R,H,L
WP_003645971.1,Lactiplantibacillus plantarum,391,818.6,1,S,Y,Y,G,L,R,H,L
WP_003648202.1,Lactobacillus gasseri,308,130.7,65,S,Y,Y,G,N,S,N,S
WP_003649829.1,Lactobacillus paragasseri JV-V03,308,131.4,13,S,Y,Y,G,N,S,N,S
WP_003650906.1,Lactobacillus gasseri,308,131.9,57,S,Y,Y,G,N,S,N,S
WP_004164644.1,Leuconostoc mesenteroides subsp. cremoris,380,134.8,23,S,Y,Y,G,A,N,H,I
WP_004166187.1,Pediococcus acidilactici,379,173.8,36,S,Y,Y,G,D,G,N,Y
WP_004270088.1,Latilactobacillus curvatus,379,196.2,31,S,Y,Y,G,A,T,H,V
WP_004559617.1,Lacticaseibacillus paracasei,385,192.1,107,S,Y,Y,G,G,S,N,V
WP_004900116.1,Leuconostoc citreum,378,154.0,16,S,Y,Y,G,A,S,H,I
WP_004905167.1,Leuconostoc citreum,378,152.9,20,S,Y,Y,G,A,S,H,I
WP_004907388.1,Leuconostoc citreum,378,157.5,9,S,Y,Y,G,A,S,H,I
WP_005685387.1,Lacticaseibacillus rhamnosus,386,200.7,111,S,Y,Y,G,G,S,H,V
WP_005689912.1,Lacticaseibacillus rhamnosus,398,168.0,1,S,Y,Y,G,G,L,H,V
WP_005714055.1,Lacticaseibacillus rhamnosus,386,200.2,35,S,Y,Y,G,G,S,H,V
WP_005717056.1,Lacticaseibacillus rhamnosus,386,202.0,4,S,Y,Y,G,G,S,H,V
WP_005719984.1,Lactobacillus crispatus,313,127.7,351,S,Y,Y,G,N,A,N,A
WP_005918936.1,Pediococcus acidilactici,382,177.4,21,S,Y,Y,G,D,S,N,Y
WP_006585341.1,Lactobacillus jensenii,311,110.0,140,S,Y,Y,G,N,G,N,G
WP_008841744.1,Pediococcus acidilactici,382,176.6,4,S,Y,Y,G,D,S,N,Y
WP_010487605.1,Lacticaseibacillus zeae,387,187.7,4,S,Y,Y,G,G,S,N,T
WP_010623980.1,Companilactobacillus versmoldensis DSM 14857 = KCTC 3814,303,209.2,2,S,Y,Y,G,D,S,N,W
WP_010710792.1,Enterococcus faecalis,388,182.9,11,S,Y,Y,G,G,R,H,V
WP_010712018.1,Enterococcus faecalis,388,171.7,2,S,Y,Y,G,G,R,H,V
WP_010713877.1,Enterococcus faecalis,388,179.1,6,S,Y,Y,G,G,R,H,V
WP_010722224.1,Enterococcus faecium,386,136.5,1,S,Y,Y,G,G,L,Q,N
WP_010723837.1,Enterococcus faecium,386,137.6,1,S,Y,Y,G,G,L,Q,N
WP_010726389.1,Enterococcus faecium,386,130.7,2,S,Y,Y,G,G,L,Q,N
WP_010774519.1,Enterococcus faecalis,388,175.6,10,S,Y,Y,G,G,R,H,V
WP_010777078.1,Enterococcus faecium,386,136.6,5,S,Y,Y,G,G,L,Q,N
WP_010777421.1,Enterococcus faecalis,388,170.9,8,S,Y,Y,G,G,R,H,V
WP_010817053.1,Enterococcus faecalis,388,173.0,1,S,Y,Y,G,G,R,H,V
WP_010819222.1,Enterococcus faecalis EnGen0336,388,180.4,3,S,Y,Y,G,G,R,H,V
WP_010821431.1,Enterococcus faecalis,388,171.0,2,S,Y,Y,G,G,R,H,V
WP_011373814.1,Latilactobacillus sakei,383,174.8,53,S,Y,Y,G,G,T,H,I
WP_011667342.1,Levilactobacillus brevis,410,208.0,1,S,Y,Y,G,N,Y,H,M
WP_011668273.1,Levilactobacillus brevis,392,270.1,19,S,Y,Y,G,A,R,H,L
WP_011673755.1,Pediococcus pentosaceus ATCC 25745,374,158.5,36,S,Y,Y,G,D,Y,N,Y
WP_011674604.1,Lacticaseibacillus paracasei,385,192.0,50,S,Y,Y,G,G,S,N,V
WP_011679299.1,Leuconostoc mesenteroides subsp. mesenteroides ATCC 8293,380,134.3,84,S,Y,Y,G,A,N,H,I
WP_013355603.1,Lactiplantibacillus plantarum,397,828.2,16,S,Y,Y,G,L,R,H,L
WP_013438763.1,Lactobacillus amylovorus GRL 1112,314,131.1,1,S,Y,Y,G,N,S,N,A
WP_013642567.1,Lactobacillus amylovorus,313,128.3,8,S,Y,Y,G,N,S,N,A
WP_013855042.1,Lactobacillus kefiranofaciens,314,126.0,18,S,Y,Y,G,N,A,N,A
WP_014324334.1,Leuconostoc mesenteroides subsp. dextranicum,380,136.4,15,S,Y,Y,G,A,N,H,I
WP_014564361.1,Lactobacillus helveticus H10,314,126.7,10,S,Y,Y,G,N,A,N,A
WP_014571411.1,Lacticaseibacillus rhamnosus,386,199.8,141,S,Y,Y,G,G,S,H,V
WP_014919621.1,Lactobacillus helveticus,314,125.6,24,S,Y,Y,G,N,A,N,A
WP_015764542.1,Lacticaseibacillus rhamnosus,386,198.4,11,S,Y,Y,G,G,S,H,V
WP_016264383.1,Latilactobacillus sakei,383,176.0,90,S,Y,Y,G,G,T,H,I
WP_016376385.1,Lacticaseibacillus paracasei,401,198.9,36,S,Y,Y,G,G,M,Q,V
WP_016382161.1,Lacticaseibacillus paracasei,401,198.5,34,S,Y,Y,G,G,M,Q,V
WP_016384880.1,Lacticaseibacillus paracasei,385,191.4,5,S,Y,Y,G,G,S,N,V
WP_016388553.1,Lacticaseibacillus paracasei,385,191.2,32,S,Y,Y,G,G,S,N,V
WP_016628659.1,Enterococcus faecium,386,132.8,5,S,Y,Y,G,G,L,Q,N
WP_019883115.1,Lacticaseibacillus paracasei,401,198.8,2,S,Y,Y,G,G,M,Q,V
WP_020807622.1,Lactobacillus gasseri,308,130.5,37,S,Y,Y,G,N,S,N,S
WP_020992926.1,Lactobacillus crispatus,313,127.4,21,S,Y,Y,G,N,A,N,A
WP_021742762.1,Levilactobacillus brevis,392,272.3,7,S,Y,Y,G,A,R,H,L
WP_022087752.1,Lactobacillus amylovorus,313,131.1,17,S,Y,Y,G,N,S,N,A
WP_023062096.1,Lactobacillus helveticus,314,126.8,16,S,Y,Y,G,N,A,N,A
WP_023190736.1,Lactobacillus helveticus,314,124.9,4,S,Y,Y,S,N,A,N,A
WP_023894585.1,Enterococcus faecalis,388,179.1,2,S,Y,Y,G,G,R,H,V
WP_024526628.1,Levilactobacillus brevis,392,271.2,5,S,Y,Y,G,A,R,H,L
WP_024797104.1,Enterococcus faecalis DENG1,388,180.5,1,S,Y,Y,G,G,R,H,V
WP_024855550.1,Levilactobacillus brevis,392,271.4,22,S,Y,Y,G,A,R,H,L
WP_024862914.1,Pediococcus acidilactici AGR20,382,176.0,1,S,Y,Y,G,D,S,N,Y
WP_025012658.1,Lacticaseibacillus casei,398,182.5,24,S,Y,Y,G,G,L,H,V
WP_025024574.1,Companilactobacillus nodensis DSM 19682 = JCM 14932 = NBRC 107160,372,200.3,5,S,Y,Y,G,D,F,N,W
WP_025084809.1,Companilactobacillus paralimentarius,358,192.3,14,S,Y,Y,G,D,Y,N,W
WP_025267794.1,Leuconostoc mesenteroides subsp. jonggajibkimchii,380,134.6,74,S,Y,Y,G,A,N,H,I
WP_025284024.1,Lactobacillus helveticus H9,314,127.0,1,S,Y,Y,G,N,A,N,A
WP_029607359.1,Lacticaseibacillus rhamnosus LR231,386,201.5,1,S,Y,Y,G,G,S,H,V
WP_031275263.1,Lactiplantibacillus plantarum,397,833.4,72,S,Y,Y,G,L,R,H,L
WP_032964869.1,Lacticaseibacillus rhamnosus,386,200.3,6,S,Y,Y,G,G,S,H,V
WP_033571516.1,Lacticaseibacillus rhamnosus,386,199.9,7,S,Y,Y,G,G,S,H,V
WP_033572870.1,Lacticaseibacillus rhamnosus L34,386,200.0,6,S,Y,Y,G,G,S,H,V
WP_033594596.1,Enterococcus faecalis,388,175.7,1,S,Y,Y,G,G,R,H,V
WP_033607970.1,Lactiplantibacillus plantarum,397,829.2,16,S,Y,Y,G,L,R,H,L
WP_033611133.1,Lactiplantibacillus paraplantarum,397,811.2,9,S,Y,Y,G,L,R,H,L
WP_033617671.1,Lactiplantibacillus plantarum,397,830.0,1,S,Y,Y,G,L,R,H,L
WP_033785864.1,Enterococcus faecalis,388,176.2,6,S,Y,Y,G,G,R,H,V
WP_034525329.1,Lactobacillus johnsonii,308,122.4,15,S,Y,Y,G,N,S,N,S
WP_035442868.1,Lactobacillus crispatus,313,125.6,7,S,Y,Y,G,N,A,N,A
WP_036089961.1,Leuconostoc mesenteroides,380,135.4,2,S,Y,Y,G,A,N,H,I
WP_038398962.1,Enterococcus faecium,386,131.0,5,S,Y,Y,G,G,L,Q,N
WP_039105334.1,Levilactobacillus brevis,392,272.6,25,S,Y,Y,G,A,R,H,L
WP_039140991.1,Lacticaseibacillus rhamnosus,386,199.9,10,S,Y,Y,G,G,S,H,V
WP_040176616.1,Leuconostoc citreum,378,152.3,32,S,Y,Y,G,A,S,H,I
WP_041500812.1,Companilactobacillus heilongjiangensis,358,217.2,2,S,Y,Y,G,D,F,N,W
WP_041810430.1,Lactobacillus amylovorus,313,127.1,3,S,Y,Y,G,N,S,N,A
WP_041815412.1,Levilactobacillus brevis,392,271.4,77,S,Y,Y,G,A,R,H,L
WP_041818539.1,Lactobacillus johnsonii,308,128.4,5,S,Y,Y,G,N,S,N,S
WP_041822341.1,Lactobacillus johnsonii FI9785,308,126.4,2,S,Y,Y,G,N,S,N,S
WP_042250862.1,Leuconostoc mesenteroides,380,134.3,13,S,Y,Y,G,A,N,H,I
WP_042521177.1,Levilactobacillus brevis,392,270.6,22,S,Y,Y,G,A,R,H,L
WP_043022202.1,Levilactobacillus brevis,389,273.0,1,S,Y,Y,G,A,R,H,L
WP_043902865.1,Enterococcus faecium,386,132.5,4,S,Y,Y,G,G,L,Q,N
WP_043921351.1,Lactobacillus johnsonii,308,126.9,6,S,Y,Y,G,N,S,N,S
WP_044025975.1,Lactobacillus johnsonii,308,127.0,5,S,Y,Y,G,N,S,N,S
WP_044384266.1,Enterococcus faecium,386,132.7,41,S,Y,Y,G,G,L,Q,N
WP_044496719.1,Lactobacillus johnsonii,308,130.5,3,S,Y,Y,G,N,S,N,S
WP_045624568.1,Lacticaseibacillus paracasei,397,164.5,1,S,Y,Y,G,G,L,H,V
WP_046039513.1,Lactiplantibacillus plantarum,397,865.1,29,S,Y,Y,G,L,R,H,L
WP_046783074.1,Lacticaseibacillus rhamnosus,401,202.3,3,S,Y,Y,G,G,M,Q,V
WP_047107605.1,Lacticaseibacillus casei,387,189.5,2,S,Y,Y,G,G,S,N,T
WP_047677234.1,Lacticaseibacillus rhamnosus,386,199.7,43,S,Y,Y,G,G,S,H,V
WP_047927674.1,Enterococcus faecium,386,131.2,1,S,Y,Y,G,G,L,Q,N
WP_048685503.1,Lactobacillus paragasseri,308,133.5,9,S,Y,Y,G,N,S,N,S
WP_049150171.1,Lactobacillus gasseri,308,131.8,8,S,Y,Y,G,N,S,N,S
WP_049170072.1,Lacticaseibacillus casei,387,190.0,8,S,Y,Y,G,G,S,N,T
WP_050584249.1,Lactiplantibacillus paraplantarum,397,810.7,18,S,Y,Y,G,L,R,H,L
WP_050891310.1,Leuconostoc mesenteroides subsp. mesenteroides,380,135.6,4,S,Y,Y,G,A,N,H,I
WP_050895351.1,Leuconostoc mesenteroides subsp. dextranicum,380,134.0,1,S,Y,Y,G,A,N,H,I
WP_052543272.1,Lactobacillus amylovorus,313,128.6,1,S,Y,Y,G,N,S,N,A
WP_053074286.1,Lacticaseibacillus rhamnosus,386,201.8,2,S,Y,Y,G,G,S,H,V
WP_053075634.1,Lacticaseibacillus rhamnosus,386,199.9,8,S,Y,Y,G,G,S,H,V
WP_053107104.1,Lactobacillus johnsonii,308,126.0,5,S,Y,Y,G,N,S,N,S
WP_053543646.1,Enterococcus faecium,386,133.4,5,S,Y,Y,G,G,L,Q,N
WP_055126430.1,Pediococcus pentosaceus,367,148.5,14,S,Y,Y,G,D,R,N,Y
WP_056939542.1,Lactobacillus amylovorus,313,134.3,3,S,Y,Y,G,N,S,N,A
WP_056951966.1,Companilactobacillus bobalius,358,196.2,2,S,Y,Y,G,D,Y,N,W
WP_056967672.1,Companilactobacillus kimchii DSM 13961 = JCM 10707,358,193.7,3,S,Y,Y,G,D,Y,N,W
WP_056979306.1,Pediococcus pentosaceus,369,147.8,7,S,Y,Y,G,D,Y,N,Y
WP_056985466.1,Lactobacillus amylovorus subsp. animalium DSM 16698,313,132.5,1,S,Y,Y,G,N,S,N,A
WP_057730701.1,Lactobacillus helveticus,314,126.1,5,S,Y,Y,G,N,A,N,A
WP_057739242.1,Companilactobacillus alimentarius DSM 20249,358,207.8,6,S,Y,Y,G,D,F,N,W
WP_057868226.1,Companilactobacillus crustorum,358,201.2,6,S,Y,Y,G,D,Y,N,W
WP_057881649.1,Companilactobacillus kimchiensis,374,203.2,1,S,Y,Y,G,D,F,N,W
WP_057893033.1,Companilactobacillus nantensis,360,203.4,2,S,Y,Y,G,D,F,N,W
WP_058121110.1,Pediococcus acidilactici,379,174.4,5,S,Y,Y,G,D,G,N,Y
WP_059442494.1,Leuconostoc mesenteroides,380,134.9,39,S,Y,Y,G,A,N,H,I
WP_060461289.1,Leuconostoc mesenteroides,380,134.0,1,S,Y,Y,G,A,N,H,I
WP_060462698.1,Lactobacillus crispatus,313,130.4,11,S,Y,Y,G,N,A,N,A
WP_060612550.1,Lacticaseibacillus paracasei,385,191.1,1,S,Y,Y,G,G,S,N,V
WP_061205055.1,Lactobacillus crispatus,313,126.5,1,S,Y,Y,G,N,A,N,A
WP_061400830.1,Lactobacillus johnsonii,308,126.7,1,S,Y,Y,G,N,S,N,S
WP_061468295.1,Lactiplantibacillus plantarum,397,836.1,15,S,Y,Y,G,L,R,H,L
WP_063557583.1,Lacticaseibacillus paracasei,385,191.0,4,S,Y,Y,G,G,S,N,V
WP_063720973.1,Lactiplantibacillus plantarum,397,829.7,4,S,Y,Y,G,L,R,H,L
WP_063851690.1,Lactiplantibacillus plantarum,397,830.8,2,S,Y,Y,G,L,R,H,L
WP_064517406.1,Lacticaseibacillus rhamnosus,401,204.2,1,S,Y,Y,G,G,M,Q,V
WP_064520418.1,Lacticaseibacillus rhamnosus,386,162.4,1,S,Y,Y,G,G,L,H,V
WP_064578185.1,Lactiplantibacillus plantarum,397,828.3,3,S,Y,Y,G,L,R,H,L
WP_064578300.1,Lactiplantibacillus plantarum subsp. plantarum,384,122.4,1,S,Y,Y,G,A,R,G,N
WP_064656442.1,Lacticaseibacillus rhamnosus,386,201.7,24,S,Y,Y,G,G,S,H,V
WP_065124272.1,Pediococcus acidilactici,382,174.0,78,S,Y,Y,G,D,S,N,Y
WP_065201527.1,Levilactobacillus brevis,392,271.5,2,S,Y,Y,G,A,R,H,L
WP_065674734.1,Lactiplantibacillus pentosus,397,737.3,5,S,Y,Y,G,L,R,H,L
WP_065825120.1,Latilactobacillus curvatus,392,201.1,3,S,Y,Y,G,A,T,H,V
WP_065990205.1,Lactobacillus crispatus,313,123.3,8,S,Y,Y,G,N,A,N,A
WP_070366385.1,Pediococcus acidilactici,382,172.9,16,S,Y,Y,G,D,S,N,Y
WP_070550773.1,Lacticaseibacillus rhamnosus,401,202.2,3,S,Y,Y,G,G,M,Q,V
WP_071252834.1,Lacticaseibacillus paracasei,385,191.6,1,S,Y,Y,G,G,S,N,V
WP_072535266.1,Lactiplantibacillus plantarum,391,707.9,1,S,Y,Y,G,L,R,H,V
WP_075140209.1,Pediococcus acidilactici,382,173.0,1,S,Y,Y,G,D,S,N,Y
WP_075887815.1,Companilactobacillus crustorum,358,201.0,1,S,Y,Y,G,D,Y,N,W
WP_076787451.1,Latilactobacillus curvatus,389,198.1,1,S,Y,Y,G,A,T,H,V
WP_077167281.1,Lacticaseibacillus rhamnosus,386,199.9,2,S,Y,Y,G,G,S,H,V
WP_077959230.1,Lactobacillus paragasseri,308,131.4,36,S,Y,Y,G,N,S,N,S
WP_080371162.1,Lactiplantibacillus plantarum,391,718.3,12,S,Y,Y,G,L,R,H,V
WP_080752784.1,Latilactobacillus curvatus,382,196.9,4,S,Y,Y,G,A,T,H,V
WP_081038334.1,Latilactobacillus curvatus JCM 1096 = DSM 20019,382,196.7,6,S,Y,Y,G,A,T,H,V
WP_081155036.1,Lacticaseibacillus rhamnosus,386,200.2,2,S,Y,Y,G,G,S,H,V
WP_081261842.1,Lacticaseibacillus rhamnosus,386,200.4,1,S,Y,Y,G,G,S,H,V
WP_081272962.1,Latilactobacillus curvatus,382,200.7,1,S,Y,Y,G,A,T,H,V
WP_081303807.1,Latilactobacillus curvatus,382,199.6,18,S,Y,Y,G,A,T,H,V
WP_081326631.1,Latilactobacillus curvatus,382,198.1,3,S,Y,Y,G,A,T,H,V
WP_081336362.1,Lacticaseibacillus rhamnosus,386,197.3,2,S,Y,Y,G,G,S,H,V
WP_081394672.1,Latilactobacillus curvatus,382,198.5,5,S,Y,Y,G,A,T,H,V
WP_082230226.1,Lactiplantibacillus pentosus,391,729.2,15,S,Y,Y,G,L,R,H,L
WP_083477772.1,Companilactobacillus mindensis,358,206.6,2,S,Y,Y,G,D,F,N,W
WP_084033010.1,Leuconostoc mesenteroides,380,136.3,16,S,Y,Y,G,A,N,H,I
WP_085699732.1,Leuconostoc citreum,378,152.9,1,S,Y,Y,G,A,S,H,I
WP_085762992.1,Levilactobacillus brevis,392,271.8,21,S,Y,Y,G,A,R,H,L
WP_086291311.1,Enterococcus faecium,386,134.4,2,S,Y,Y,G,G,L,Q,N
WP_086875219.1,Lactobacillus johnsonii,308,129.4,14,S,Y,Y,G,N,S,N,S
WP_087712581.1,Lactobacillus johnsonii,308,123.9,4,S,Y,Y,G,N,S,N,S
WP_087716802.1,Levilactobacillus brevis,392,270.6,1,S,Y,Y,G,A,R,H,L
WP_087912363.1,Lacticaseibacillus casei,387,188.7,4,S,Y,Y,G,G,S,N,T
WP_088771171.1,Lactiplantibacillus pentosus,391,729.7,12,S,Y,Y,G,L,R,H,L
WP_089143211.1,Lactobacillus crispatus,313,131.9,19,S,Y,Y,G,N,A,N,A
WP_089146675.1,Lactobacillus crispatus,313,130.9,2,S,Y,Y,G,N,A,N,A
WP_089150030.1,Lactobacillus crispatus,313,126.4,2,S,Y,Y,G,N,A,N,A
WP_089151163.1,Lactobacillus crispatus,313,127.3,1,S,Y,Y,G,N,A,N,A
WP_089557335.1,Latilactobacillus curvatus,382,199.1,1,S,Y,Y,G,A,T,H,V
WP_094498005.1,Lactobacillus johnsonii,308,124.6,6,S,Y,Y,G,N,S,N,S
WP_095076811.1,Lactobacillus johnsonii,308,128.7,1,S,Y,Y,G,N,S,N,S
WP_095182603.1,Lactobacillus johnsonii,308,127.6,4,S,Y,Y,G,N,S,N,S
WP_095670265.1,Lactobacillus gasseri,308,129.3,10,S,Y,Y,G,N,S,N,S
WP_096585743.1,Latilactobacillus sakei,383,174.9,3,S,Y,Y,G,G,T,H,I
WP_096638954.1,Leuconostoc mesenteroides,380,132.7,1,S,Y,Y,G,A,N,H,I
WP_096772768.1,Lacticaseibacillus paracasei,401,198.5,4,S,Y,Y,G,G,M,Q,V
WP_097546707.1,Levilactobacillus brevis,392,271.0,4,S,Y,Y,G,A,R,H,L
WP_097547375.1,Levilactobacillus brevis,392,272.9,38,S,Y,Y,G,A,R,H,L
WP_099299534.1,Pediococcus pentosaceus,367,152.2,9,S,Y,Y,G,D,R,N,Y
WP_099712964.1,Latilactobacillus sakei,383,175.0,12,S,Y,Y,G,G,T,H,I
WP_100665282.1,Leuconostoc citreum,378,153.9,1,S,Y,Y,G,A,S,H,I
WP_100733042.1,Lactobacillus crispatus,313,119.3,1,S,Y,Y,G,N,A,N,A
WP_101887390.1,Lactobacillus crispatus,313,127.9,3,S,Y,Y,G,N,A,N,A
WP_101891194.1,Lactobacillus crispatus,313,122.7,2,S,Y,Y,G,N,A,N,A
WP_102197248.1,Companilactobacillus nuruki,359,197.7,1,S,Y,Y,G,D,Y,N,W
WP_103213998.1,Lacticaseibacillus paracasei subsp. paracasei,401,198.3,1,S,Y,Y,G,G,M,Q,V
WP_104842168.1,Enterococcus faecalis,388,180.2,1,S,Y,Y,G,G,R,H,V
WP_104855375.1,Enterococcus faecalis,388,170.8,1,S,Y,Y,G,G,R,H,V
WP_105461267.1,Enterococcus faecalis,388,180.1,1,S,Y,Y,G,G,R,H,V
WP_105924283.1,Lactiplantibacillus pentosus,391,728.3,1,S,Y,Y,G,L,R,H,L
WP_110139760.1,Levilactobacillus brevis,392,268.7,3,S,Y,Y,G,A,R,H,L
WP_110534955.1,Lactobacillus helveticus,314,127.5,3,S,Y,Y,G,N,A,N,A
WP_111447940.1,Latilactobacillus curvatus,382,197.1,1,S,Y,Y,G,A,T,H,V
WP_112019287.1,Enterococcus faecium,383,135.4,1,S,Y,Y,G,G,L,Q,N
WP_114668798.1,Leuconostoc mesenteroides,380,134.3,2,S,Y,Y,G,A,N,H,I
WP_115155033.1,Pediococcus pentosaceus,367,145.6,30,S,Y,Y,G,D,Y,N,Y
WP_115256035.1,Enterococcus faecium,386,129.9,1,S,Y,Y,G,G,L,Q,N
WP_116495122.1,Enterococcus faecalis,388,176.5,2,S,Y,Y,G,G,R,H,V
WP_117311227.1,Pediococcus pentosaceus,367,145.6,1,S,Y,Y,G,D,Y,N,Y
WP_118027512.1,Lactobacillus amylovorus subsp. animalium,313,128.5,2,S,Y,Y,G,N,S,N,A
WP_118988882.1,Lacticaseibacillus paracasei,385,191.7,1,S,Y,Y,G,G,S,N,V
WP_119179116.1,Pediococcus acidilactici,382,168.3,23,S,Y,Y,G,D,S,N,Y
WP_119318369.1,Companilactobacillus formosensis,358,204.5,2,S,Y,Y,G,D,F,N,W
WP_119326393.1,Companilactobacillus musae,361,200.5,3,S,Y,Y,G,D,F,N,W
WP_119365081.1,Enterococcus faecium,386,133.1,1,S,Y,Y,G,G,L,Q,N
WP_120142183.1,Companilactobacillus zhachilii,358,220.0,1,S,Y,Y,G,D,F,N,W
WP_123020642.1,Lacticaseibacillus paracasei,397,163.1,2,S,Y,Y,G,G,L,H,V
WP_123022003.1,Lacticaseibacillus paracasei,401,199.0,3,S,Y,Y,G,G,M,Q,V
WP_123022892.1,Lacticaseibacillus paracasei,401,196.8,6,S,Y,Y,G,G,M,Q,V
WP_123030027.1,Lacticaseibacillus paracasei,385,192.6,2,S,Y,Y,G,G,S,N,V
WP_123030913.1,Lacticaseibacillus paracasei,385,191.4,1,S,Y,Y,G,G,S,N,V
WP_123031427.1,Lacticaseibacillus paracasei,385,192.9,3,S,Y,Y,G,G,S,N,V
WP_123156541.1,Lacticaseibacillus paracasei,401,197.3,3,S,Y,Y,G,G,M,Q,V
WP_123830998.1,Levilactobacillus brevis,392,272.9,1,S,Y,Y,G,A,R,H,L
WP_125278160.1,Enterococcus faecium,386,130.3,2,S,Y,Y,G,G,L,Q,N
WP_125567253.1,Companilactobacillus insicii,372,204.8,1,S,Y,Y,G,D,F,N,W
WP_125589380.1,Companilactobacillus jidongensis,372,197.7,1,S,Y,Y,G,D,F,N,W
WP_125592430.1,Companilactobacillus baiquanensis,359,212.7,2,S,Y,Y,G,D,F,N,W
WP_125708108.1,Companilactobacillus zhongbaensis,367,232.4,1,S,Y,Y,G,D,S,N,W
WP_125712546.1,Companilactobacillus kedongensis,359,220.4,1,S,Y,Y,G,D,Y,D,W
WP_125763531.1,Companilactobacillus hulinensis,372,197.8,1,S,Y,Y,G,D,F,N,W
WP_125770788.1,Companilactobacillus furfuricola,367,234.7,1,S,Y,Y,G,D,S,N,W
WP_125978948.1,Lactobacillus acidophilus,313,128.8,1,S,Y,Y,G,N,S,N,A
WP_126305437.1,Enterococcus faecium,386,136.9,1,S,Y,Y,G,G,L,Q,N
WP_127837370.1,Enterococcus faecium,386,133.5,1,S,Y,Y,G,G,L,Q,N
WP_128437955.1,Enterococcus faecalis,388,180.0,1,S,Y,Y,G,G,R,H,V
WP_128517642.1,Lacticaseibacillus paracasei,385,189.2,1,S,Y,Y,G,G,S,N,V
WP_128529685.1,Lacticaseibacillus paracasei,385,192.2,1,S,Y,Y,G,G,S,N,V
WP_128531038.1,Latilactobacillus curvatus,392,199.6,1,S,Y,Y,G,A,T,H,V
WP_128537955.1,Lacticaseibacillus paracasei,385,191.2,2,S,Y,Y,G,G,S,N,V
WP_128688523.1,Pediococcus acidilactici,382,173.6,4,S,Y,Y,G,D,S,N,Y
WP_128704423.1,Enterococcus faecium,389,144.4,2,S,Y,Y,G,G,L,Q,N
WP_128736852.1,Pediococcus acidilactici,382,169.2,2,S,Y,Y,G,D,S,N,Y
WP_129044780.1,Companilactobacillus metriopterae,354,197.1,1,S,Y,Y,G,D,Y,N,W
WP_131501516.1,Lactobacillus crispatus,313,128.3,8,S,Y,Y,G,N,A,N,A
WP_135352569.1,Lactobacillus johnsonii,308,125.0,2,S,Y,Y,G,N,S,N,S
WP_135371292.1,Companilactobacillus suantsaicola,357,195.8,1,S,Y,Y,G,D,F,N,W
WP_135399903.1,Leuconostoc mesenteroides,380,134.5,5,S,Y,Y,G,A,N,H,I
WP_136860942.1,Lactobacillus amylovorus subsp. animalium,313,129.9,1,S,Y,Y,G,N,S,N,A
WP_136904306.1,Latilactobacillus curvatus,382,196.2,1,S,Y,Y,G,A,T,H,V
WP_137612449.1,Companilactobacillus huachuanensis,358,219.4,2,S,Y,Y,G,D,F,N,W
WP_138130318.1,Lacticaseibacillus zeae,376,187.6,1,S,Y,Y,G,G,S,N,T
WP_138428317.1,Pediococcus pentosaceus,369,149.7,8,S,Y,Y,G,D,Y,N,Y
WP_139961597.1,Levilactobacillus brevis,392,269.7,1,S,Y,Y,G,A,R,H,L
WP_139987656.1,Leuconostoc citreum,378,151.9,4,S,Y,Y,G,A,S,H,I
WP_140682421.1,Leuconostoc mesenteroides,380,134.2,1,S,Y,Y,G,A,N,H,I
WP_141266388.1,Leuconostoc mesenteroides subsp. mesenteroides,380,132.5,1,S,Y,Y,G,A,N,H,I
WP_141373590.1,Levilactobacillus brevis,392,276.8,2,S,Y,Y,G,A,R,H,L
WP_142501131.1,Latilactobacillus sakei,383,174.3,7,S,Y,Y,G,G,T,H,I
WP_144231360.1,Lactobacillus gasseri,308,133.7,4,S,Y,Y,G,N,S,N,S
WP_144772537.1,Lactobacillus gasseri,308,130.7,15,S,Y,Y,G,N,S,N,S
WP_144855709.1,Lactobacillus crispatus,313,125.2,7,S,Y,Y,G,N,A,N,A
WP_146282715.1,Lactobacillus johnsonii,312,127.3,2,S,Y,Y,G,N,S,N,S
WP_146955141.1,Latilactobacillus curvatus,382,196.5,1,S,Y,Y,G,A,T,H,V
WP_147011099.1,Leuconostoc mesenteroides subsp. sake,380,132.0,1,S,Y,Y,G,A,N,H,I
WP_148223969.1,Companilactobacillus farciminis KCTC 3681 = DSM 20184,349,205.0,1,S,Y,Y,G,D,F,N,W
WP_148238555.1,Lactobacillus crispatus,313,127.1,8,S,Y,Y,G,N,A,N,A
WP_148421438.1,Lactobacillus johnsonii,308,128.5,5,S,Y,Y,G,N,S,N,S
WP_149333452.1,Leuconostoc citreum,378,151.3,1,S,Y,Y,G,A,S,H,I
WP_150279787.1,Leuconostoc mesenteroides,380,132.7,1,S,Y,Y,G,A,N,H,I
WP_150352802.1,Lactobacillus crispatus,313,124.4,3,S,Y,Y,G,N,A,N,A
WP_151494198.1,Lacticaseibacillus paracasei,385,192.2,4,S,Y,Y,G,G,S,N,V
WP_152705317.1,Lactiplantibacillus pentosus,397,740.7,78,S,Y,Y,G,L,R,H,L
WP_153384431.1,Companilactobacillus halodurans,358,200.5,2,S,Y,Y,G,D,F,N,W
WP_158106647.1,Companilactobacillus bobalius,358,193.6,1,S,Y,Y,G,D,Y,N,W
WP_158172824.1,Lactobacillus johnsonii,308,127.5,1,S,Y,Y,G,N,S,N,S
WP_158182164.1,Lactobacillus crispatus,313,130.4,1,S,Y,Y,G,N,A,N,A
WP_158191883.1,Leuconostoc citreum,378,154.5,2,S,Y,Y,G,A,S,H,I
WP_159205718.1,Pediococcus acidilactici,382,178.2,41,S,Y,Y,G,D,S,N,Y
WP_159208324.1,Pediococcus acidilactici,382,169.4,7,S,Y,Y,G,D,S,N,Y
WP_159210872.1,Pediococcus acidilactici,382,173.1,12,S,Y,Y,G,D,S,N,Y
WP_159213386.1,Pediococcus acidilactici,382,172.8,1,S,Y,Y,G,D,S,N,Y
WP_159215750.1,Pediococcus acidilactici,382,170.3,35,S,Y,Y,G,D,S,N,Y
WP_159216416.1,Pediococcus acidilactici,382,179.0,3,S,Y,Y,G,D,S,N,Y
WP_159234244.1,Pediococcus pentosaceus,367,150.6,10,S,Y,Y,G,D,R,N,Y
WP_159250889.1,Pediococcus pentosaceus,367,148.6,21,S,Y,Y,G,D,R,N,Y
WP_159253723.1,Pediococcus pentosaceus,374,161.1,1,S,Y,Y,G,D,Y,N,Y
WP_159258237.1,Lactiplantibacillus pentosus,391,726.1,3,S,Y,Y,G,L,R,H,L
WP_159290485.1,Pediococcus pentosaceus,374,152.8,1,S,Y,Y,G,D,Y,N,Y
WP_160185641.1,Pediococcus acidilactici,382,174.4,5,S,Y,Y,G,D,S,N,Y
WP_160811078.1,Lactobacillus crispatus,313,123.8,6,S,Y,Y,G,N,A,N,A
WP_162013304.1,Pediococcus acidilactici,382,169.7,1,S,Y,Y,G,D,S,N,Y
WP_162014231.1,Lactobacillus paragasseri,308,133.2,3,S,Y,Y,G,N,S,N,S
WP_162937025.1,Lactiplantibacillus pentosus,397,741.1,9,S,Y,Y,G,L,R,H,L
WP_163627290.1,Lactiplantibacillus plantarum,397,830.4,1,S,Y,Y,G,L,R,H,L
WP_164886050.1,Lactiplantibacillus plantarum,397,863.2,4,S,Y,Y,G,L,R,H,L
WP_165709033.1,Lactobacillus helveticus,314,127.0,1,S,Y,Y,G,N,A,N,A
WP_165847181.1,Lacticaseibacillus paracasei,385,190.0,2,S,Y,Y,G,G,S,N,V
WP_165860611.1,Lactiplantibacillus pentosus,397,741.6,4,S,Y,Y,G,L,R,H,L
WP_167779403.1,Enterococcus faecium,386,133.2,2,S,Y,Y,G,G,L,Q,N
WP_167850556.1,Lactiplantibacillus plantarum,397,830.5,1,S,Y,Y,G,L,R,H,L
WP_170088446.1,Lactobacillus johnsonii,308,126.0,1,S,Y,Y,G,N,S,N,S
WP_172475944.1,Lactobacillus johnsonii,308,130.3,1,S,Y,Y,G,N,S,N,S
WP_172981846.1,Lactobacillus helveticus,314,127.2,2,S,Y,Y,G,N,A,N,A
WP_172983487.1,Lactobacillus helveticus,314,127.1,6,S,Y,Y,G,N,A,N,A
WP_172985027.1,Lactobacillus helveticus,314,123.6,1,S,Y,Y,G,N,A,N,A
WP_172992881.1,Lactobacillus helveticus,314,126.7,4,S,Y,Y,G,N,A,N,A
WP_172993067.1,Lactobacillus helveticus,314,128.3,7,S,Y,Y,G,N,A,N,A
WP_172994127.1,Lactobacillus helveticus,314,127.6,4,S,Y,Y,G,N,A,N,A
WP_172996016.1,Lactobacillus helveticus,314,126.9,1,S,Y,Y,G,N,A,N,A
WP_172996560.1,Lactobacillus helveticus,314,127.5,1,S,Y,Y,G,N,A,N,A
WP_172998633.1,Lactobacillus helveticus,314,126.8,4,S,Y,Y,G,N,A,N,A
WP_173000347.1,Lactobacillus helveticus,314,126.6,4,S,Y,Y,G,N,A,N,A
WP_173001761.1,Lactobacillus helveticus,314,127.5,1,S,Y,Y,G,N,A,N,A
WP_173022014.1,Lactiplantibacillus plantarum,397,827.7,1,S,Y,Y,G,L,R,H,L
WP_173959235.1,Lacticaseibacillus paracasei,401,200.1,1,S,Y,Y,G,G,M,Q,V
WP_173975342.1,Enterococcus faecalis,388,176.4,2,S,Y,Y,G,G,R,H,V
WP_174090028.1,Enterococcus faecalis,388,177.9,1,S,Y,Y,G,G,R,H,V
WP_176817923.1,Lacticaseibacillus rhamnosus,386,201.2,1,S,Y,Y,G,G,S,H,V
WP_176933128.1,Pediococcus pentosaceus,367,147.6,1,S,Y,Y,G,D,R,N,Y
WP_180808316.1,Lactobacillus crispatus,313,122.5,1,S,Y,Y,G,N,A,N,A
WP_180861195.1,Lactobacillus crispatus,313,127.2,1,S,Y,Y,G,N,A,N,A
WP_180874126.1,Lactobacillus johnsonii,312,130.7,1,S,Y,Y,G,N,S,N,S
WP_181185834.1,Lactiplantibacillus pentosus,397,739.2,8,S,Y,Y,G,L,R,H,L
WP_182083150.1,Companilactobacillus pabuli,358,199.8,3,S,Y,Y,G,D,F,N,W
WP_186268759.1,Lactiplantibacillus plantarum,397,863.6,1,S,Y,Y,G,L,R,H,L
WP_187338213.1,Lactiplantibacillus plantarum,397,830.1,1,S,Y,Y,G,L,R,H,L
WP_188434240.1,Lacticaseibacillus rhamnosus,386,200.2,1,S,Y,Y,G,G,S,H,V
WP_188905770.1,Lactobacillus crispatus,313,127.6,1,S,Y,Y,G,N,A,N,A
WP_192211636.1,Enterococcus faecalis,388,178.9,1,S,Y,Y,G,G,R,H,V
WP_193136982.1,Lacticaseibacillus paracasei,385,192.0,1,S,Y,Y,G,G,S,N,V
WP_194853388.1,Lacticaseibacillus paracasei,385,190.1,4,S,Y,Y,G,G,S,N,V
WP_195212268.1,Lactobacillus paragasseri,308,132.1,1,S,Y,Y,G,N,S,N,S
WP_195701202.1,Companilactobacillus futsaii subsp. chongqingensis,358,199.6,2,S,Y,Y,G,D,F,N,W
WP_195749096.1,Pediococcus pentosaceus,374,160.1,8,S,Y,Y,G,D,Y,N,Y
WP_195750133.1,Pediococcus pentosaceus,374,160.8,1,S,Y,Y,G,D,Y,N,Y
WP_195751356.1,Pediococcus pentosaceus,367,147.1,3,S,Y,Y,G,D,Y,N,Y
WP_195752330.1,Pediococcus pentosaceus,374,161.6,1,S,Y,Y,G,D,Y,N,Y
WP_195752981.1,Pediococcus pentosaceus,374,156.1,1,S,Y,Y,G,D,Y,N,Y
WP_195923045.1,Lactobacillus crispatus,314,116.6,1,S,Y,Y,G,N,A,N,A
WP_198468759.1,Pediococcus pentosaceus,374,157.2,2,S,Y,Y,G,D,Y,N,Y
WP_198563527.1,Lactobacillus crispatus,313,129.6,2,S,Y,Y,G,N,A,N,A
WP_198564044.1,Lactobacillus crispatus,313,123.9,1,S,Y,Y,G,N,A,N,A
WP_198564720.1,Lactobacillus crispatus,313,121.2,1,S,Y,Y,G,N,A,N,A
WP_198566181.1,Lactobacillus crispatus,313,128.3,1,S,Y,Y,G,N,A,N,A
WP_198566786.1,Lactobacillus crispatus,313,127.5,2,S,Y,Y,G,N,A,N,A
WP_200972579.1,Leuconostoc citreum,378,155.4,1,S,Y,Y,G,A,S,H,I
WP_202239436.1,Companilactobacillus zhachilii,358,222.0,1,S,Y,Y,G,D,F,N,W
WP_202959794.1,Lacticaseibacillus paracasei,385,190.8,3,S,Y,Y,G,G,S,N,V
WP_204148315.1,Lacticaseibacillus rhamnosus,386,199.9,1,S,Y,Y,G,G,S,H,V
WP_204230253.1,Pediococcus acidilactici,379,172.9,4,S,Y,Y,G,D,G,N,Y
WP_204777202.1,Lactobacillus crispatus,313,123.0,2,S,Y,Y,G,N,A,N,A
WP_205608332.1,Lactobacillus acidophilus,313,125.3,3,S,Y,Y,G,N,S,N,A
WP_205840966.1,Lactobacillus helveticus,314,127.1,2,S,Y,Y,G,N,A,N,A
WP_208663268.1,Lactiplantibacillus plantarum,397,831.0,2,S,Y,Y,G,L,R,H,L
WP_211638672.1,Leuconostoc mesenteroides,380,136.4,1,S,Y,Y,G,A,N,H,I
WP_211755954.1,Levilactobacillus brevis,392,271.0,2,S,Y,Y,G,A,R,H,L
WP_211757588.1,Lactiplantibacillus plantarum,397,863.3,5,S,Y,Y,G,L,R,H,L
WP_213950237.1,Lacticaseibacillus rhamnosus,386,199.2,2,S,Y,Y,G,G,S,H,V
WP_214464220.1,Levilactobacillus brevis,392,271.0,1,S,Y,Y,G,A,R,H,L
WP_215649025.1,Lacticaseibacillus paracasei,385,190.9,1,S,Y,Y,G,G,S,N,V
WP_216513152.1,Lactobacillus johnsonii,312,133.1,1,S,Y,Y,G,N,S,N,S
WP_216684903.1,Lacticaseibacillus paracasei,385,191.0,2,S,Y,Y,G,G,S,N,V
WP_216770050.1,Leuconostoc citreum,378,152.2,1,S,Y,Y,G,A,S,H,I
WP_216871148.1,Lactobacillus helveticus,314,127.0,1,S,Y,Y,G,N,A,N,A
WP_218391433.1,Enterococcus faecalis,388,179.9,1,S,Y,Y,G,G,R,H,V
WP_218674246.1,Lactobacillus crispatus,313,124.1,3,S,Y,Y,G,N,A,N,A
WP_220021858.1,Lactobacillus helveticus,314,127.0,2,S,Y,Y,G,N,A,N,A
WP_220023168.1,Lactobacillus helveticus,314,124.9,4,S,Y,Y,G,N,A,N,A
WP_220024589.1,Lactobacillus helveticus,314,128.0,1,S,Y,Y,G,N,A,N,A
WP_220028926.1,Lactobacillus helveticus,314,126.1,1,S,Y,Y,G,N,A,N,A
WP_220075541.1,Enterococcus faecium,386,135.0,1,S,Y,Y,G,G,L,Q,N
WP_220171829.1,Lactobacillus johnsonii,308,124.7,2,S,Y,Y,G,N,S,N,S
WP_220444351.1,Pediococcus acidilactici,382,167.8,9,S,Y,Y,G,D,S,N,Y
WP_221276260.1,Latilactobacillus curvatus,382,199.1,1,S,Y,Y,G,A,T,H,V
WP_222669699.1,Pediococcus acidilactici,382,175.7,1,S,Y,Y,G,D,S,N,Y
WP_223316062.1,Latilactobacillus curvatus,379,195.8,1,S,Y,Y,G,A,T,H,V
WP_223316225.1,Leuconostoc mesenteroides,380,134.2,1,S,Y,Y,G,A,N,H,I
WP_223320025.1,Leuconostoc mesenteroides,380,137.3,2,S,Y,Y,G,A,N,H,I
WP_224428833.1,Pediococcus acidilactici,379,175.0,1,S,Y,Y,G,D,G,N,Y
WP_224429856.1,Lactobacillus amylovorus,313,135.0,1,S,Y,Y,G,N,S,N,A
WP_225418284.1,Companilactobacillus mishanensis,372,209.5,3,S,Y,Y,G,D,G,N,W
WP_225420968.1,Companilactobacillus keshanensis,359,214.7,2,S,Y,Y,G,D,Y,D,W
WP_225868761.1,Companilactobacillus kimchii DSM 13961 = JCM 10707,362,194.0,1,S,Y,Y,G,D,Y,N,W
WP_225972208.1,Companilactobacillus allii,374,191.7,3,S,Y,Y,G,D,F,N,W
WP_229564290.1,Pediococcus pentosaceus,380,159.4,2,S,Y,Y,G,D,Y,N,Y
WP_229564466.1,Pediococcus pentosaceus,357,138.2,1,S,Y,Y,G,A,R,H,I
WP_232298605.1,Companilactobacillus ginsenosidimutans,370,223.1,1,S,Y,Y,G,D,Q,N,W
WP_232805105.1,Lactobacillus crispatus,313,127.6,1,S,Y,Y,G,N,A,N,A
WP_233758787.1,Levilactobacillus brevis,381,266.3,1,S,Y,Y,G,A,R,H,L
WP_235020579.1,Pediococcus pentosaceus,380,158.5,3,S,Y,Y,G,D,Y,N,Y
WP_235805153.1,Companilactobacillus tucceti DSM 20183,359,224.0,1,S,Y,Y,G,D,Y,D,W
WP_235806597.1,Companilactobacillus farciminis KCTC 3681 = DSM 20184,358,204.8,4,S,Y,Y,G,D,F,N,W
WP_236119751.1,Pediococcus acidilactici,379,168.2,1,S,Y,Y,G,D,G,N,Y
WP_236585130.1,Companilactobacillus farciminis,358,203.6,2,S,Y,Y,G,D,F,N,W
WP_236743815.1,Lactobacillus helveticus,298,127.2,1,S,Y,Y,G,N,A,N,A
WP_236945250.1,Lactiplantibacillus plantarum,333,655.0,1,S,Y,-,-,L,-,-,-
WP_238333648.1,Companilactobacillus mishanensis,322,208.9,1,S,Y,Y,G,D,G,N,W
WP_238704021.1,Companilactobacillus mishanensis,372,208.9,1,S,Y,Y,G,D,G,N,W
WP_239961129.1,Pediococcus pentosaceus,367,148.6,1,S,Y,Y,G,D,R,N,Y
WP_241531634.1,Pediococcus acidilactici,382,174.2,2,S,Y,Y,G,D,S,N,Y
WP_242079870.1,Lactobacillus amylovorus,313,128.1,1,S,Y,Y,G,N,S,N,A
WP_243709227.1,Pediococcus pentosaceus,380,158.4,1,S,Y,Y,G,D,Y,N,Y
WP_248003867.1,Pediococcus acidilactici,378,174.4,1,S,Y,Y,G,D,S,N,Y
WP_248610276.1,Leuconostoc citreum,378,153.1,5,S,Y,Y,G,A,S,H,I
WP_249399049.1,Pediococcus pentosaceus,295,138.8,1,S,Y,Y,G,D,R,N,Y
WP_249489206.1,Enterococcus faecium,386,136.8,1,S,Y,Y,G,G,L,Q,N
WP_250800478.1,Latilactobacillus curvatus,388,201.1,2,S,Y,Y,G,A,T,H,V
WP_250824461.1,Latilactobacillus sakei,383,174.7,1,S,Y,Y,G,G,T,H,I
WP_251911309.1,Lactobacillus gasseri,308,131.7,1,S,Y,Y,G,N,S,N,S
WP_251912626.1,Lactobacillus paragasseri,308,134.6,1,S,Y,Y,G,N,S,N,S
WP_251919772.1,Leuconostoc mesenteroides,380,133.6,1,S,Y,Y,G,A,N,H,I
WP_251923606.1,Leuconostoc mesenteroides,380,136.1,14,S,Y,Y,G,A,N,H,I
WP_251924889.1,Pediococcus pentosaceus,374,161.4,1,S,Y,Y,G,D,Y,N,Y
WP_251930892.1,Latilactobacillus sakei,383,174.4,1,S,Y,Y,G,G,T,H,I
WP_251950273.1,Pediococcus pentosaceus,380,156.2,1,S,Y,Y,G,D,Y,N,Y
WP_251974057.1,Pediococcus pentosaceus,374,160.2,1,S,Y,Y,G,D,Y,N,Y
WP_252133153.1,Lactiplantibacillus pentosus,391,727.9,1,S,Y,Y,G,L,R,H,L
WP_252444807.1,Lactobacillus helveticus,314,127.2,1,S,Y,Y,G,N,A,N,A
WP_253345668.1,Leuconostoc citreum,378,155.0,2,S,Y,Y,G,A,S,H,I
WP_254670834.1,Latilactobacillus curvatus,382,199.3,6,S,Y,Y,G,A,T,H,V
WP_254671489.1,Latilactobacillus curvatus,382,195.4,4,S,Y,Y,G,A,T,H,V
WP_254676592.1,Latilactobacillus curvatus,382,199.4,1,S,Y,Y,G,A,T,H,V
WP_254677157.1,Latilactobacillus curvatus,382,201.1,1,S,Y,Y,G,A,T,H,V
WP_256323108.1,Lactobacillus paragasseri,308,133.7,1,S,Y,Y,G,N,S,N,S
WP_256971087.1,Leuconostoc citreum,378,148.9,1,S,Y,Y,G,A,S,H,I
WP_257069365.1,Pediococcus pentosaceus,372,149.2,2,S,Y,Y,G,D,L,N,Y
WP_259683183.1,Lactiplantibacillus pentosus,391,727.7,1,S,Y,Y,G,L,R,H,L
WP_259684213.1,Lactobacillus helveticus,314,126.4,1,S,Y,Y,G,N,A,N,A
WP_259766434.1,Pediococcus pentosaceus,369,149.7,1,S,Y,Y,G,D,Y,N,Y
WP_260149337.1,Latilactobacillus curvatus,382,197.3,2,S,Y,Y,G,A,T,H,V
WP_260158559.1,Levilactobacillus brevis,392,274.1,2,S,Y,Y,G,A,R,H,L
WP_260166190.1,Leuconostoc mesenteroides,380,135.3,3,S,Y,Y,G,A,N,H,I
WP_260167129.1,Leuconostoc mesenteroides,380,135.0,1,S,Y,Y,G,A,N,H,I
WP_260182955.1,Lacticaseibacillus paracasei,401,197.0,1,S,Y,Y,G,G,M,Q,V
WP_260184168.1,Lacticaseibacillus paracasei,385,190.3,2,S,Y,Y,G,G,S,N,V
WP_260205704.1,Lactobacillus acidophilus,313,128.9,2,S,Y,Y,G,N,S,N,A
WP_260206880.1,Lacticaseibacillus rhamnosus,386,200.3,1,S,Y,Y,G,G,S,H,V
WP_260209020.1,Lactiplantibacillus pentosus,391,727.9,1,S,Y,Y,G,L,R,H,L
WP_260211872.1,Lactobacillus amylovorus,313,132.6,1,S,Y,Y,G,N,S,N,A
WP_260240587.1,Levilactobacillus brevis,392,272.3,3,S,Y,Y,G,A,R,H,L
WP_260254570.1,Levilactobacillus brevis,392,273.6,2,S,Y,Y,G,A,R,H,L
WP_260309713.1,Lactobacillus helveticus,314,124.4,1,S,Y,Y,G,N,A,N,A
WP_260339521.1,Lacticaseibacillus paracasei,401,192.9,1,S,Y,Y,G,G,M,Q,G
WP_260512259.1,Enterococcus faecium,386,136.6,1,S,Y,Y,G,G,L,Q,N
WP_261648525.1,Leuconostoc mesenteroides,380,132.3,1,S,Y,Y,G,A,N,H,I
WP_262274571.1,Lactobacillus amylovorus,313,129.5,1,S,Y,Y,G,N,S,N,A
WP_263297972.1,Lactobacillus johnsonii,308,128.0,1,S,Y,Y,G,N,S,N,S
WP_265169797.1,Enterococcus faecium,389,150.1,1,S,Y,Y,G,G,L,Q,N
WP_265579615.1,Latilactobacillus curvatus,388,197.7,1,S,Y,Y,G,A,T,H,V
WP_265668911.1,Lactobacillus amylovorus,313,129.8,1,S,Y,Y,G,N,S,N,A
WP_269258322.1,Lactobacillus crispatus,313,127.9,9,S,Y,Y,G,N,A,N,A
WP_269315168.1,Lactobacillus crispatus,313,125.4,1,S,Y,Y,G,N,A,N,A
WP_270097109.1,Levilactobacillus brevis,392,270.9,1,S,Y,Y,G,A,R,H,L
WP_270248078.1,Lactobacillus johnsonii,308,125.1,1,S,Y,Y,G,N,S,N,S
WP_270508120.1,Lactobacillus gasseri,308,127.8,1,S,Y,Y,G,N,S,N,S
WP_270515735.1,Pediococcus acidilactici,382,174.1,3,S,Y,Y,G,D,S,N,Y
WP_270516469.1,Lactobacillus johnsonii,308,124.2,1,S,Y,Y,G,N,S,N,S
WP_270766308.1,Lacticaseibacillus rhamnosus,386,200.0,2,S,Y,Y,G,G,S,H,V
WP_270781145.1,Lactobacillus amylovorus,313,128.7,11,S,Y,Y,G,N,S,N,A
WP_271031346.1,Lacticaseibacillus paracasei,385,190.7,1,S,Y,Y,G,G,S,N,V
WP_271260039.1,Latilactobacillus curvatus,382,196.8,3,S,Y,Y,G,A,T,H,V
WP_271326862.1,Lactobacillus amylovorus,313,130.1,2,S,Y,Y,G,N,S,N,A
WP_271862694.1,Lactobacillus amylovorus,313,129.3,5,S,Y,Y,G,N,S,N,A
WP_271864309.1,Lactobacillus amylovorus,313,128.3,5,S,Y,Y,G,N,S,N,A
WP_271867993.1,Lactobacillus amylovorus,313,127.3,5,S,Y,Y,G,N,S,N,A
WP_271868596.1,Lactobacillus amylovorus,313,131.8,2,S,Y,Y,G,N,S,N,A
WP_271872884.1,Lactobacillus amylovorus,313,130.8,1,S,Y,Y,G,N,S,N,A
WP_271892379.1,Lactobacillus amylovorus,313,129.4,1,S,Y,Y,G,N,S,N,A
WP_271897572.1,Lactobacillus amylovorus,313,128.7,1,S,Y,Y,G,N,S,N,A
WP_272529600.1,Lactiplantibacillus pentosus,391,726.3,3,S,Y,Y,G,L,R,H,L
WP_273707967.1,Leuconostoc mesenteroides,380,135.0,4,S,Y,Y,G,A,N,H,I
WP_273709926.1,Leuconostoc mesenteroides,380,136.8,1,S,Y,Y,G,A,N,H,I
WP_273715019.1,Leuconostoc mesenteroides,380,134.0,1,S,Y,Y,G,A,N,H,I
WP_273727054.1,Leuconostoc mesenteroides,380,134.6,2,S,Y,Y,G,A,N,H,I
WP_273729027.1,Leuconostoc mesenteroides,380,134.6,1,S,Y,Y,G,A,N,H,I
WP_273750490.1,Leuconostoc mesenteroides,380,132.2,1,S,Y,Y,G,A,N,H,I
WP_273949847.1,Leuconostoc mesenteroides,380,135.0,1,S,Y,Y,G,A,N,H,I
WP_274583646.1,Pediococcus acidilactici,382,174.4,1,S,Y,Y,G,D,S,N,Y
WP_274765445.1,Companilactobacillus crustorum,358,200.6,1,S,Y,Y,G,D,Y,N,W
WP_274805302.1,Lacticaseibacillus rhamnosus,386,200.1,1,S,Y,Y,G,G,S,H,V
WP_274984666.1,Lactobacillus crispatus,313,126.5,1,S,Y,Y,G,N,A,N,A
WP_276551260.1,Lactiplantibacillus paraplantarum,397,814.0,2,S,Y,Y,G,L,R,H,L
WP_277847711.1,Latilactobacillus curvatus,382,198.9,1,S,Y,Y,G,A,T,H,V
WP_277858108.1,Latilactobacillus curvatus,382,199.6,1,S,Y,Y,G,A,T,H,V
WP_277892636.1,Enterococcus faecium,386,136.7,1,S,Y,Y,G,G,L,Q,N
WP_283254481.1,Lactobacillus johnsonii,308,126.8,1,S,Y,Y,G,N,S,N,S
WP_283534192.1,Latilactobacillus curvatus,382,196.8,1,S,Y,Y,G,A,T,H,V
WP_285029495.1,Lactobacillus paragasseri,308,129.6,3,S,Y,Y,G,N,S,N,S
WP_289228490.1,Enterococcus faecium,386,135.2,1,S,Y,Y,G,G,L,Q,N
WP_289429108.1,Lacticaseibacillus paracasei,401,198.1,2,S,Y,Y,G,G,M,Q,V
WP_289442710.1,Lacticaseibacillus paracasei,390,187.5,1,S,Y,Y,G,G,S,N,V
WP_289442890.1,Lacticaseibacillus paracasei,385,190.7,1,S,Y,Y,G,G,S,N,V
WP_289571858.1,Lactobacillus crispatus,313,127.0,1,S,Y,Y,G,N,A,N,A
WP_290249034.1,Latilactobacillus sakei,383,174.5,2,S,Y,Y,G,G,T,H,I
WP_291468576.1,Companilactobacillus sp.,371,230.2,14,S,Y,Y,G,D,S,N,W
WP_297586015.1,Lactobacillus johnsonii,312,125.7,1,S,Y,Y,G,N,S,N,S
WP_300560050.1,Companilactobacillus sp.,371,229.2,1,S,Y,Y,G,D,S,N,W
WP_300734687.1,Lactobacillus johnsonii,308,123.4,1,S,Y,Y,G,N,S,N,S
WP_302512251.1,Enterococcus faecalis,388,178.2,1,S,Y,Y,G,G,R,H,V
WP_305035333.1,Lactiplantibacillus pentosus,391,727.8,1,S,Y,Y,G,L,R,H,L
WP_305867096.1,Enterococcus faecium,386,129.5,1,S,Y,Y,G,G,L,Q,N
WP_308200359.1,Lactiplantibacillus paraplantarum,397,812.7,1,S,Y,Y,G,L,R,H,L
WP_308902957.1,Latilactobacillus curvatus,379,194.2,2,S,Y,Y,G,A,T,H,V
WP_309510839.1,Companilactobacillus paralimentarius,358,191.6,1,S,Y,Y,G,D,Y,N,W
WP_310652148.1,Lactobacillus jensenii,311,111.0,1,S,Y,Y,G,N,G,N,G
WP_311317902.1,Lactiplantibacillus pentosus,397,739.3,1,S,Y,Y,G,L,R,H,L
WP_313814903.1,Latilactobacillus curvatus,392,199.6,1,S,Y,Y,G,A,T,H,V
WP_313931672.1,Lactiplantibacillus pentosus,391,726.3,2,S,Y,Y,G,L,R,H,L
WP_314757025.1,Lactobacillus johnsonii,312,125.9,2,S,Y,Y,G,N,S,N,S
WP_315943827.1,Lactobacillus johnsonii,308,126.7,8,S,Y,Y,G,N,S,N,S
WP_316079368.1,Lacticaseibacillus paracasei,387,191.6,1,S,Y,Y,G,G,S,N,V
WP_317051789.1,Pediococcus acidilactici,379,173.7,2,S,Y,Y,G,D,G,N,Y
WP_317763635.1,Leuconostoc mesenteroides,380,138.5,1,S,Y,Y,G,A,N,H,I
WP_318154280.1,Enterococcus faecium,386,138.1,7,S,Y,Y,G,G,L,Q,N
WP_319494284.1,Lactobacillus paragasseri,308,131.4,2,S,Y,Y,G,N,S,N,S
WP_320879405.1,Leuconostoc citreum,378,154.0,2,S,Y,Y,G,A,S,H,I
WP_321572832.1,Lactobacillus helveticus,314,125.8,1,S,Y,Y,G,N,A,N,A
WP_323678667.1,Lactobacillus johnsonii,308,121.8,3,S,Y,Y,G,N,S,N,S
WP_323702297.1,Lactobacillus johnsonii,308,120.7,6,S,Y,Y,G,N,S,N,S
WP_325070846.1,Pediococcus pentosaceus,302,140.0,1,S,Y,Y,G,D,Y,N,Y
WP_327079330.1,Pediococcus pentosaceus,369,150.2,3,S,Y,Y,G,D,Y,N,Y
WP_331218961.1,Pediococcus pentosaceus,367,145.0,1,S,Y,Y,G,D,Y,N,Y
WP_331220027.1,Pediococcus pentosaceus,367,144.9,1,S,Y,Y,G,D,Y,N,Y
WP_331237200.1,Lacticaseibacillus paracasei,401,198.8,1,S,Y,Y,G,G,M,Q,V
WP_333491282.1,Lactobacillus johnsonii,308,120.2,2,S,Y,Y,G,N,S,N,S
WP_334328931.1,Companilactobacillus sp. HBUAS59699,372,198.5,1,S,Y,Y,G,D,F,N,W
WP_334332714.1,Companilactobacillus miaonis,358,194.6,1,S,Y,Y,G,D,F,N,W
WP_334341889.1,Companilactobacillus sp. HBUAS56275,358,196.7,1,S,Y,Y,G,D,Y,N,W
WP_334352381.1,Companilactobacillus miaonis,358,196.8,1,S,Y,Y,G,D,F,N,W
WP_337457355.1,Latilactobacillus sakei,383,174.3,1,S,Y,Y,G,G,T,H,I
WP_337587399.1,Lacticaseibacillus paracasei,366,191.3,1,S,Y,Y,G,G,M,Q,V
WP_338033688.1,Lactiplantibacillus paraplantarum,397,813.9,1,S,Y,Y,G,L,R,H,L
WP_338188015.1,Lactobacillus amylovorus subsp. animalium,313,134.0,2,S,Y,Y,G,N,S,N,A
WP_338189063.1,Lactobacillus amylovorus subsp. amylovorus,313,132.9,2,S,Y,Y,G,N,S,N,A
WP_338190545.1,Lactobacillus amylovorus subsp. amylovorus,313,135.4,1,S,Y,Y,G,N,S,N,A
WP_338214535.1,Companilactobacillus muriivasis,358,218.7,1,S,Y,Y,G,D,F,N,W
WP_338231421.1,Companilactobacillus muriivasis,358,216.1,1,S,Y,Y,G,D,F,N,W
WP_338428998.1,Enterococcus faecium,386,136.7,1,S,Y,Y,G,G,L,Q,N
WP_339328554.1,Lactiplantibacillus plantarum,397,830.1,1,S,Y,Y,G,L,R,H,L
WP_340849115.1,Lactobacillus crispatus,313,129.5,1,S,Y,Y,G,N,A,N,A
WP_342094691.1,Lactobacillus amylovorus,313,127.7,1,S,Y,Y,G,N,S,N,A
WP_342790192.1,Pediococcus pentosaceus,367,144.0,2,S,Y,Y,G,D,Y,N,Y
WP_343574971.1,Lacticaseibacillus paracasei,401,196.9,1,S,Y,Y,G,G,M,Q,V
WP_346349305.1,Enterococcus faecium,382,135.1,1,S,Y,Y,G,G,L,Q,N
WP_346732278.1,Lactobacillus johnsonii,312,132.3,1,S,Y,Y,G,N,S,N,S
WP_347107066.1,Lacticaseibacillus rhamnosus,386,201.0,2,S,Y,Y,G,G,S,H,V
WP_350345819.1,Lacticaseibacillus paracasei,385,189.6,1,S,Y,Y,G,G,S,N,V
WP_350353492.1,Lactobacillus gasseri,308,128.8,1,S,Y,Y,G,N,S,N,S
WP_353057340.1,Lactiplantibacillus pentosus,397,738.9,2,S,Y,Y,G,L,R,H,L
WP_353303002.1,Lactobacillus amylovorus subsp. animalium,313,128.8,1,S,Y,Y,G,N,S,N,A
WP_353534195.1,Lactobacillus amylovorus subsp. amylovorus,313,135.1,1,S,Y,Y,G,N,S,N,A
WP_353894813.1,Leuconostoc mesenteroides subsp. mesenteroides,380,133.6,1,S,Y,Y,G,A,N,H,I
WP_353974925.1,Enterococcus faecium,386,135.0,1,S,Y,Y,G,G,L,Q,N
WP_353990585.1,Lacticaseibacillus paracasei,385,191.6,1,S,Y,Y,G,G,S,N,V
WP_354630647.1,Levilactobacillus brevis,392,266.7,1,S,Y,Y,G,A,R,H,L
WP_366917232.1,Lactiplantibacillus plantarum,397,829.3,1,S,Y,Y,G,L,R,H,L
WP_367292760.1,Lacticaseibacillus paracasei,385,188.9,1,S,Y,Y,G,G,S,N,V
WP_367387530.1,Latilactobacillus sakei,383,174.5,4,S,Y,Y,G,G,T,H,I
WP_368277406.1,Lacticaseibacillus paracasei,305,179.5,1,S,Y,Y,G,G,S,N,V
WP_368790892.1,Companilactobacillus farciminis,358,203.5,1,S,Y,Y,G,D,F,N,W
WP_370928611.1,Leuconostoc mesenteroides,380,134.5,1,S,Y,Y,G,A,N,H,I
WP_374851173.1,Lactiplantibacillus plantarum,397,830.4,1,S,Y,Y,G,L,R,H,L
WP_379919501.1,Lactobacillus johnsonii,308,124.7,1,S,Y,Y,G,N,S,N,S
WP_379919873.1,Lactobacillus johnsonii,308,126.2,1,S,Y,Y,G,N,S,N,S
WP_395265017.1,Companilactobacillus sp. FL22-3,360,185.4,2,S,Y,Y,G,D,F,N,W
WP_395549572.1,Leuconostoc mesenteroides,380,134.7,5,S,Y,Y,G,A,N,H,I
WP_404277798.1,Companilactobacillus paralimentarius,358,194.0,1,S,Y,Y,G,D,Y,N,W
WP_404327263.1,Companilactobacillus paralimentarius,379,192.6,1,S,Y,Y,G,D,Y,N,W
WP_404410375.1,Companilactobacillus paralimentarius,358,192.6,1,S,Y,Y,G,D,Y,N,W
WP_404897309.1,Lactobacillus helveticus,314,127.5,2,S,Y,Y,G,N,A,N,A
WP_404932426.1,Pediococcus acidilactici,369,158.4,1,S,Y,Y,G,D,R,N,Y
WP_405248587.1,Leuconostoc mesenteroides,380,133.2,1,S,Y,Y,G,A,N,H,I
WP_407128509.1,Latilactobacillus sakei,383,176.3,1,S,Y,Y,G,G,T,H,I
WP_407142854.1,Latilactobacillus sakei,383,176.2,2,S,Y,Y,G,G,T,H,I
WP_407325668.1,Lactobacillus johnsonii,308,130.1,1,S,Y,Y,G,N,S,N,S
WP_410404701.1,Lactobacillus paragasseri,308,129.2,1,S,Y,Y,G,N,S,N,S
WP_410888853.1,Pediococcus pentosaceus,374,156.7,1,S,Y,Y,G,D,Y,N,Y
WP_411237793.1,Pediococcus pentosaceus,294,150.4,1,S,Y,Y,G,D,Y,N,Y
WP_411831640.1,Pediococcus pentosaceus,374,158.6,2,S,Y,Y,G,D,Y,N,Y
WP_412936918.1,Lactiplantibacillus plantarum,397,829.1,1,S,Y,Y,G,L,R,H,L
WP_413981504.1,Leuconostoc mesenteroides,380,134.0,3,S,Y,Y,G,A,N,H,I
WP_420327641.1,Lacticaseibacillus paracasei,385,189.4,1,S,Y,Y,G,G,S,N,V
WP_421408000.1,Lactobacillus paragasseri,308,133.4,2,S,Y,Y,G,N,S,N,S
WP_421503060.1,Enterococcus faecalis,388,175.1,1,S,Y,Y,G,G,R,H,V
WP_421658675.1,Lacticaseibacillus paracasei,385,192.0,1,S,Y,Y,G,G,S,N,V
WP_423492975.1,Lacticaseibacillus paracasei,401,199.4,1,S,Y,Y,G,G,M,Q,V
WP_423754652.1,Lactiplantibacillus pentosus,391,727.8,6,S,Y,Y,G,L,R,H,L
WP_423764977.1,Lactiplantibacillus pentosus,391,727.5,1,S,Y,Y,G,L,R,H,L
WP_424020603.1,Leuconostoc citreum,378,154.9,1,S,Y,Y,G,A,S,H,I
WP_426385823.1,Latilactobacillus curvatus,382,198.6,5,S,Y,Y,G,A,T,H,V
WP_426401342.1,Leuconostoc mesenteroides subsp. jonggajibkimchii,380,134.5,1,S,Y,Y,G,A,N,H,I
WP_426771798.1,Lactiplantibacillus plantarum,397,829.3,1,S,Y,Y,G,L,R,H,L
WP_430394780.1,Enterococcus faecalis,388,176.1,1,S,Y,Y,G,G,R,H,V
WP_431462800.1,Lactobacillus crispatus,313,126.4,1,S,Y,Y,G,N,A,N,A
WP_432230032.1,Lactobacillus johnsonii,308,124.1,1,S,Y,Y,G,N,S,N,S
WP_432788355.1,Lactiplantibacillus plantarum,397,830.8,1,S,Y,Y,G,L,R,H,L
WP_434314932.1,Levilactobacillus brevis,392,273.5,1,S,Y,Y,G,A,R,H,L
WP_434431949.1,Lactiplantibacillus paraplantarum,397,813.4,1,S,Y,Y,G,L,R,H,L
WP_434670603.1,Lacticaseibacillus rhamnosus,396,199.8,1,S,Y,Y,G,G,S,H,V
WP_435404154.1,Lactiplantibacillus plantarum,397,831.0,1,S,Y,Y,G,L,R,H,L
WP_435657029.1,Enterococcus faecium,377,130.1,1,S,Y,Y,G,G,L,Q,N
WP_436341581.1,Lactobacillus johnsonii,308,128.9,1,S,Y,Y,G,N,S,N,S
WP_436442015.1,Lactobacillus crispatus,313,124.2,1,S,Y,Y,G,N,A,N,A
WP_436442806.1,Lactobacillus crispatus,313,126.0,1,S,Y,Y,G,N,A,N,A
WP_436458581.1,Lactobacillus johnsonii,308,126.4,1,S,Y,Y,G,N,S,N,S
WP_437401325.1,Lactobacillus helveticus,314,123.9,1,S,Y,Y,S,N,A,N,A
WP_437695880.1,Levilactobacillus brevis,392,267.9,1,S,Y,Y,G,A,R,H,L
WP_438736199.1,Enterococcus faecalis,388,172.5,1,S,Y,Y,G,G,R,H,V
WP_439945106.1,Lacticaseibacillus rhamnosus,386,199.7,1,S,Y,Y,G,G,S,H,V
WP_441001894.1,Lactiplantibacillus plantarum,397,831.5,1,S,Y,Y,G,L,R,H,L
WP_441119471.1,Lactobacillus amylovorus,313,128.6,1,S,Y,Y,G,N,S,N,A
WP_441134054.1,Lactobacillus amylovorus,313,130.2,6,S,Y,Y,G,N,S,N,A
WP_441159020.1,Lactobacillus amylovorus,313,134.4,3,S,Y,Y,G,N,S,N,A
WP_441651894.1,Enterococcus faecalis,388,179.2,1,S,Y,Y,G,G,R,H,V
WP_441769571.1,Lactobacillus amylovorus,313,128.6,1,S,Y,Y,G,N,S,N,A
WP_441769857.1,Lactobacillus amylovorus,313,130.8,2,S,Y,Y,G,N,S,N,A
WP_441774941.1,Lactobacillus amylovorus,313,133.9,1,S,Y,Y,G,N,S,N,A
WP_444649978.1,Companilactobacillus zhachilii,358,220.5,1,S,Y,Y,G,D,F,N,W
WP_446188247.1,Enterococcus faecium,386,130.5,1,S,Y,Y,G,G,L,Q,N
WP_446855911.1,Leuconostoc citreum,378,152.0,1,S,Y,Y,G,A,S,H,I
WP_446864693.1,Leuconostoc citreum,378,153.1,1,S,Y,Y,G,A,S,H,I
WP_446872168.1,Leuconostoc mesenteroides,380,137.2,1,S,Y,Y,G,A,N,H,I
WP_446874623.1,Leuconostoc citreum,378,151.6,1,S,Y,Y,G,A,S,H,I
WP_447298866.1,Enterococcus faecalis,388,180.2,1,S,Y,Y,G,G,R,H,V
WP_448219369.1,Latilactobacillus curvatus,382,199.3,2,S,Y,Y,G,A,T,H,V
WP_448958125.1,Lactobacillus amylovorus,313,131.6,3,S,Y,Y,G,N,S,N,A
WP_448968820.1,Latilactobacillus curvatus,382,198.5,1,S,Y,Y,G,A,T,H,V
WP_457313849.1,Pediococcus pentosaceus,369,149.8,1,S,Y,Y,G,D,Y,N,Y
WP_458556869.1,Lactiplantibacillus pentosus,391,727.2,1,S,Y,Y,G,L,R,H,L
WP_459128421.1,Latilactobacillus curvatus,382,197.1,4,S,Y,Y,G,A,T,H,V
WP_459734165.1,Latilactobacillus curvatus,392,200.6,1,S,Y,Y,G,A,T,H,V
WP_460851541.1,Pediococcus pentosaceus,374,161.3,1,S,Y,Y,G,D,Y,N,Y
WP_461762905.1,Pediococcus acidilactici,382,175.0,1,S,Y,Y,G,D,S,N,Y
WP_462922886.1,Lactiplantibacillus plantarum,397,829.7,1,S,Y,Y,G,L,R,H,L
WP_464429669.1,Leuconostoc mesenteroides,380,136.5,1,S,Y,Y,G,A,N,H,I
WP_464445497.1,Latilactobacillus sakei,383,175.5,1,S,Y,Y,G,G,T,H,I
WP_464676393.1,Pediococcus pentosaceus,367,148.5,1,S,Y,Y,G,D,R,N,Y
WP_465064427.1,Lactobacillus paragasseri,308,131.4,2,S,Y,Y,G,N,S,N,S
WP_465064917.1,Lactobacillus gasseri,308,127.4,1,S,Y,Y,G,N,S,N,S
WP_471702762.1,Companilactobacillus nantensis,360,203.4,1,S,Y,Y,G,D,F,N,W
WP_471774156.1,Latilactobacillus sakei,383,176.2,1,S,Y,Y,G,G,T,H,I
WP_471780747.1,Leuconostoc citreum,378,155.1,1,S,Y,Y,G,A,S,H,I
WP_472779383.1,Lacticaseibacillus paracasei,385,194.3,1,S,Y,Y,G,G,S,N,V
WP_474260547.1,Lactobacillus johnsonii,308,126.4,1,S,Y,Y,G,N,S,N,S
WP_480157079.1,Lacticaseibacillus paracasei,385,191.3,1,S,Y,Y,G,G,S,N,V
WP_480157728.1,Lacticaseibacillus paracasei,401,197.1,1,S,Y,Y,G,G,M,Q,V
WP_480186758.1,Leuconostoc mesenteroides,380,136.9,1,S,Y,Y,G,A,N,H,I
WP_480290504.1,Pediococcus acidilactici,382,175.9,2,S,Y,Y,G,D,S,N,Y
WP_482447393.1,Enterococcus faecium,386,131.9,1,S,Y,Y,G,G,L,Q,N
WP_482537130.1,Leuconostoc citreum,378,153.2,1,S,Y,Y,G,A,S,H,I
WP_483387432.1,Latilactobacillus sakei,383,174.4,1,S,Y,Y,G,G,T,H,I
WP_483401721.1,Latilactobacillus sakei,383,174.2,1,S,Y,Y,G,G,T,H,I
WP_483401850.1,Lactiplantibacillus plantarum,397,863.2,1,S,Y,Y,G,L,R,H,L
WP_484640546.1,Enterococcus faecalis,388,172.9,1,S,Y,Y,G,G,R,H,V
WP_486452977.1,Lacticaseibacillus paracasei,385,192.2,2,S,Y,Y,G,G,S,N,V
WP_486453545.1,Lacticaseibacillus paracasei,379,187.3,1,S,Y,Y,G,G,S,N,V
WP_487085798.1,Companilactobacillus sp. y65-5,370,197.6,1,S,Y,Y,G,D,F,N,W
WP_489938043.1,Lactiplantibacillus plantarum,397,827.7,2,S,Y,Y,G,L,R,H,L
WP_490187114.1,Leuconostoc mesenteroides,380,136.3,1,S,Y,Y,G,A,N,H,I
WP_494280191.1,Leuconostoc mesenteroides,380,133.7,1,S,Y,Y,G,A,N,H,I
WP_495414712.1,Lactobacillus amylovorus,313,132.5,2,S,Y,Y,G,N,S,N,A
WP_495415371.1,Lactobacillus amylovorus,313,131.0,2,S,Y,Y,G,N,S,N,A
WP_495419194.1,Lactobacillus amylovorus,313,131.4,1,S,Y,Y,G,N,S,N,A
WP_495419832.1,Lactobacillus amylovorus,313,132.4,1,S,Y,Y,G,N,S,N,A
WP_495420563.1,Lactobacillus amylovorus,313,133.6,1,S,Y,Y,G,N,S,N,A
WP_495421137.1,Lactobacillus amylovorus,313,130.5,1,S,Y,Y,G,N,S,N,A
WP_497023757.1,Pediococcus pentosaceus,369,150.1,2,S,Y,Y,G,D,Y,N,Y
WP_497791307.1,Lacticaseibacillus paracasei,385,190.6,1,S,Y,Y,G,G,S,N,V
WP_498443981.1,Lactobacillus jensenii,311,111.4,1,S,Y,Y,G,N,G,N,G
WP_498475769.1,Companilactobacillus crustorum,358,201.1,1,S,Y,Y,G,D,Y,N,W
WP_503119589.1,Pediococcus pentosaceus,369,148.3,1,S,Y,Y,G,D,Y,N,Y
WP_503181239.1,Companilactobacillus farciminis,358,201.1,1,S,Y,Y,G,D,F,N,W
WP_503192464.1,Lactobacillus johnsonii,308,123.2,1,S,Y,Y,G,N,S,N,S
